-- phpMyAdmin SQL Dump
-- version 4.7.0
-- https://www.phpmyadmin.net/
--
-- Host: 127.0.0.1
-- Generation Time: Oct 04, 2017 at 08:58 PM
-- Server version: 10.1.25-MariaDB
-- PHP Version: 7.1.7

SET SQL_MODE = "NO_AUTO_VALUE_ON_ZERO";
SET AUTOCOMMIT = 0;
START TRANSACTION;
SET time_zone = "+00:00";


/*!40101 SET @OLD_CHARACTER_SET_CLIENT=@@CHARACTER_SET_CLIENT */;
/*!40101 SET @OLD_CHARACTER_SET_RESULTS=@@CHARACTER_SET_RESULTS */;
/*!40101 SET @OLD_COLLATION_CONNECTION=@@COLLATION_CONNECTION */;
/*!40101 SET NAMES utf8mb4 */;

--
-- Database: `ouvrages`
--

-- --------------------------------------------------------

--
-- Table structure for table `annexes`
--

CREATE TABLE `annexes` (
  `id` int(11) UNSIGNED NOT NULL,
  `nom` varchar(50) CHARACTER SET utf8mb4 COLLATE utf8mb4_unicode_ci NOT NULL,
  `idCercle` int(11) UNSIGNED NOT NULL,
  `created_at` date NOT NULL,
  `updated_at` date NOT NULL
) ENGINE=InnoDB DEFAULT CHARSET=latin1;

--
-- Dumping data for table `annexes`
--

INSERT INTO `annexes` (`id`, `nom`, `idCercle`, `created_at`, `updated_at`) VALUES
(1, 'أركانة', 1, '0000-00-00', '0000-00-00'),
(2, 'عين شعيب', 1, '0000-00-00', '0000-00-00'),
(3, 'اضـــار', 2, '0000-00-00', '0000-00-00'),
(4, 'آيت عبدالله', 2, '0000-00-00', '0000-00-00'),
(5, 'الـمــكرت', 2, '0000-00-00', '0000-00-00'),
(6, 'سكتــانة', 3, '0000-00-00', '0000-00-00'),
(7, 'أوزيوة', 3, '0000-00-00', '0000-00-00'),
(8, 'أساكي', 3, '0000-00-00', '0000-00-00'),
(9, 'أسكاون', 3, '0000-00-00', '0000-00-00'),
(10, 'سيدي عبد الله اوموسى', 4, '0000-00-00', '0000-00-00'),
(11, 'إكلي', 4, '0000-00-00', '0000-00-00'),
(12, 'أحــمـر', 5, '0000-00-00', '0000-00-00'),
(13, 'افريجة', 5, '0000-00-00', '0000-00-00'),
(14, 'اولاد محلة', 1, '0000-00-00', '0000-00-00'),
(15, 'سيدي موسى الحمري', 1, '0000-00-00', '0000-00-00'),
(16, 'مشرع العين', 1, '0000-00-00', '0000-00-00'),
(17, 'تافنكولت', 4, '0000-00-00', '0000-00-00'),
(18, 'الفيض', 4, '0000-00-00', '0000-00-00'),
(19, 'تزمورت', 5, '0000-00-00', '0000-00-00'),
(20, 'تملوكت', 5, '0000-00-00', '0000-00-00'),
(21, 'باشوية أولاد تايمة', 6, '0000-00-00', '0000-00-00'),
(22, 'باشوية أيت إيعزة', 7, '0000-00-00', '0000-00-00'),
(23, 'باشوية تالوين', 8, '0000-00-00', '0000-00-00'),
(24, 'باشوية تارودانت', 9, '0000-00-00', '0000-00-00'),
(25, 'باشوية إيغرم', 10, '0000-00-00', '0000-00-00'),
(26, 'باشوية أولاد برحيل', 13, '0000-00-00', '0000-00-00'),
(27, 'باشوية أولوز', 12, '0000-00-00', '0000-00-00'),
(28, 'باشوية الكردان', 11, '0000-00-00', '0000-00-00'),
(29, '-', 19, '0000-00-00', '0000-00-00');

-- --------------------------------------------------------

--
-- Table structure for table `cercles`
--

CREATE TABLE `cercles` (
  `id` int(10) UNSIGNED NOT NULL,
  `nom` varchar(80) COLLATE utf8mb4_unicode_ci NOT NULL,
  `created_at` timestamp NULL DEFAULT NULL,
  `updated_at` timestamp NULL DEFAULT NULL
) ENGINE=InnoDB DEFAULT CHARSET=utf8mb4 COLLATE=utf8mb4_unicode_ci;

--
-- Dumping data for table `cercles`
--

INSERT INTO `cercles` (`id`, `nom`, `created_at`, `updated_at`) VALUES
(1, 'Ouled Teima', NULL, '2017-09-30 09:15:49'),
(2, 'Ighrem', NULL, NULL),
(3, 'Taliouine', NULL, NULL),
(4, 'Ouled berhil', NULL, NULL),
(5, 'Taroudannt', NULL, NULL),
(6, 'باشوية أولاد تايمة', NULL, NULL),
(7, 'باشوية أيت إيعزة', NULL, NULL),
(8, 'باشوية تالوين', NULL, NULL),
(9, 'باشوية تارودانت', NULL, NULL),
(10, 'باشوية إيغرم', NULL, NULL),
(11, 'باشوية الكردان', NULL, NULL),
(12, 'باشوية أولوز', NULL, NULL),
(13, 'باشوية أولاد برحيل', NULL, NULL),
(19, '-', NULL, NULL);

--
-- Triggers `cercles`
--
DELIMITER $$
CREATE TRIGGER `tr_sup_cercle` BEFORE DELETE ON `cercles` FOR EACH ROW DELETE FROM communes WHERE communes.idCercle = OLD.id
$$
DELIMITER ;

-- --------------------------------------------------------

--
-- Table structure for table `commandes`
--

CREATE TABLE `commandes` (
  `id` int(10) UNSIGNED NOT NULL,
  `idUtilisateur` int(10) UNSIGNED DEFAULT NULL,
  `idEtablissement` int(11) UNSIGNED NOT NULL,
  `nbrOuvrages` int(11) NOT NULL,
  `prixTotalHT` float NOT NULL,
  `prixTTC` int(11) NOT NULL DEFAULT '0',
  `tentative` int(1) NOT NULL DEFAULT '3',
  `confirme` tinyint(1) NOT NULL,
  `nbrEleves` varchar(100) COLLATE utf8mb4_unicode_ci NOT NULL,
  `created_at` timestamp NULL DEFAULT NULL,
  `updated_at` timestamp NULL DEFAULT NULL
) ENGINE=InnoDB DEFAULT CHARSET=utf8mb4 COLLATE=utf8mb4_unicode_ci;

--
-- Dumping data for table `commandes`
--

INSERT INTO `commandes` (`id`, `idUtilisateur`, `idEtablissement`, `nbrOuvrages`, `prixTotalHT`, `prixTTC`, `tentative`, `confirme`, `nbrEleves`, `created_at`, `updated_at`) VALUES
(46, 2, 29, 30, 255, 0, 0, 1, 'Niveau 1 :    31,Niveau 2 :    31,Niveau 3 :    31,Niveau 4 : 0,Niveau 5 : 0,Niveau 6 :    20', '2017-10-01 22:00:41', '2017-10-04 13:45:26'),
(47, 2, 41, 1, 8.5, 0, 3, 0, 'Niveau 1 : 0,Niveau 2 : 0,Niveau 3 : 0,Niveau 4 : 0,Niveau 5 : 0,Niveau 6 : 0', '2017-10-01 22:08:42', '2017-10-01 22:08:42'),
(48, 2, 42, 20, 170, 173, 0, 0, 'Niveau 1 :  30,Niveau 2 :  22,Niveau 3 :  33,Niveau 4 : 0,Niveau 5 :  200,Niveau 6 : 0', '2017-10-04 17:46:11', '2017-10-04 17:57:39');

--
-- Triggers `commandes`
--
DELIMITER $$
CREATE TRIGGER `tr_sup_lignes` BEFORE DELETE ON `commandes` FOR EACH ROW DELETE FROM lignes_commandes WHERE idCommande = OLD.id
$$
DELIMITER ;

-- --------------------------------------------------------

--
-- Table structure for table `communes`
--

CREATE TABLE `communes` (
  `id` int(10) UNSIGNED NOT NULL,
  `nom` varchar(50) COLLATE utf8mb4_unicode_ci NOT NULL,
  `idCercle` int(11) UNSIGNED NOT NULL,
  `created_at` timestamp NULL DEFAULT NULL,
  `updated_at` timestamp NULL DEFAULT NULL
) ENGINE=InnoDB DEFAULT CHARSET=utf8mb4 COLLATE=utf8mb4_unicode_ci;

--
-- Dumping data for table `communes`
--

INSERT INTO `communes` (`id`, `nom`, `idCercle`, `created_at`, `updated_at`) VALUES
(1, 'AHL RAMELl', 1, NULL, '2017-09-30 09:18:31'),
(2, 'EL KOUDIA EL BEIDA', 1, NULL, NULL),
(3, 'LAGFIFAT', 1, NULL, NULL),
(4, 'LAKHNAFIF', 1, NULL, NULL),
(5, 'LAMHADI', 1, NULL, NULL),
(6, 'SIDI AHMED OU AMAR', 1, NULL, NULL),
(7, 'SIDI BOUMOUSSA', 1, NULL, NULL),
(8, 'TIDSI-NISSENDALENE', 1, NULL, NULL),
(9, 'ARGANA', 1, NULL, NULL),
(10, 'EDDIR', 1, NULL, NULL),
(11, 'IMILMAISS', 1, NULL, NULL),
(12, 'ASSADS', 1, NULL, NULL),
(13, 'BIGOUDINE', 1, NULL, NULL),
(14, 'MACHRAA EL AIN', 1, NULL, NULL),
(15, 'SIDI MOUSSA LHAMRI', 1, NULL, NULL),
(16, 'ISSEN', 1, NULL, NULL),
(17, 'TALMAKANTE', 1, NULL, NULL),
(18, 'OUNEINE', 4, '0000-00-00 00:00:00', '0000-00-00 00:00:00'),
(19, 'IDA OUGOUMMAD', 4, '0000-00-00 00:00:00', '0000-00-00 00:00:00'),
(20, 'SIDI OUAAZIZ', 4, '0000-00-00 00:00:00', '0000-00-00 00:00:00'),
(21, 'TIGOUGA', 4, '0000-00-00 00:00:00', '0000-00-00 00:00:00'),
(22, 'EL FAID', 4, '0000-00-00 00:00:00', '0000-00-00 00:00:00'),
(23, 'ARAZANE', 4, '0000-00-00 00:00:00', '0000-00-00 00:00:00'),
(24, 'TOUGHMART', 4, '0000-00-00 00:00:00', '0000-00-00 00:00:00'),
(25, 'TIZI N\'TEST', 4, '0000-00-00 00:00:00', '0000-00-00 00:00:00'),
(26, 'TAFINGOULT', 4, '0000-00-00 00:00:00', '0000-00-00 00:00:00'),
(27, 'TALGJOUNT', 4, '0000-00-00 00:00:00', '0000-00-00 00:00:00'),
(28, 'TINZART', 4, '0000-00-00 00:00:00', '0000-00-00 00:00:00'),
(29, 'IDA OU GAILAL', 4, '0000-00-00 00:00:00', '0000-00-00 00:00:00'),
(30, 'IGOUDAR MNABHA', 4, '0000-00-00 00:00:00', '0000-00-00 00:00:00'),
(31, 'OULAD AISSA', 4, '0000-00-00 00:00:00', '0000-00-00 00:00:00'),
(32, 'SIDI ABDELLAH OU SAID', 4, '0000-00-00 00:00:00', '0000-00-00 00:00:00'),
(33, 'LAMHARA', 4, '0000-00-00 00:00:00', '0000-00-00 00:00:00'),
(34, 'IGLI', 4, '0000-00-00 00:00:00', '0000-00-00 00:00:00'),
(35, 'ADAR', 2, '0000-00-00 00:00:00', '0000-00-00 00:00:00'),
(51, 'OUALQADI', 2, '0000-00-00 00:00:00', '0000-00-00 00:00:00'),
(52, 'TISFANE', 2, '0000-00-00 00:00:00', '0000-00-00 00:00:00'),
(53, 'TATAOUTE', 2, '0000-00-00 00:00:00', '0000-00-00 00:00:00'),
(54, 'NIHIT', 2, '0000-00-00 00:00:00', '0000-00-00 00:00:00'),
(55, 'TABIA', 2, '0000-00-00 00:00:00', '0000-00-00 00:00:00'),
(56, 'AZAGHAR N\'IRS', 2, '0000-00-00 00:00:00', '0000-00-00 00:00:00'),
(57, 'AIT ABDALLAH', 2, '0000-00-00 00:00:00', '0000-00-00 00:00:00'),
(58, 'SIDI MZAL', 2, '0000-00-00 00:00:00', '0000-00-00 00:00:00'),
(59, 'AMALOU', 2, '0000-00-00 00:00:00', '0000-00-00 00:00:00'),
(60, 'IMI NTAYART', 2, '0000-00-00 00:00:00', '0000-00-00 00:00:00'),
(61, 'SIDI BOAAL', 2, '0000-00-00 00:00:00', '0000-00-00 00:00:00'),
(62, 'TINDINE', 2, '0000-00-00 00:00:00', '0000-00-00 00:00:00'),
(63, 'IMAOUEN', 2, '0000-00-00 00:00:00', '0000-00-00 00:00:00'),
(64, 'TOUFELAAZT', 2, '0000-00-00 00:00:00', '0000-00-00 00:00:00'),
(66, 'ASSAISSE', 3, '0000-00-00 00:00:00', '0000-00-00 00:00:00'),
(67, 'ASKAOUEN', 3, '0000-00-00 00:00:00', '0000-00-00 00:00:00'),
(68, 'AHL TIFNOUTE', 3, '0000-00-00 00:00:00', '0000-00-00 00:00:00'),
(69, 'TISRASSE', 3, '0000-00-00 00:00:00', '0000-00-00 00:00:00'),
(70, 'IGUIDI', 3, '0000-00-00 00:00:00', '0000-00-00 00:00:00'),
(71, 'AGADIR MELLOUL', 3, '0000-00-00 00:00:00', '0000-00-00 00:00:00'),
(72, 'TASSOUSFI', 3, '0000-00-00 00:00:00', '0000-00-00 00:00:00'),
(73, 'AZRAR', 3, '0000-00-00 00:00:00', '0000-00-00 00:00:00'),
(74, 'ZAGMOUZEN', 3, '0000-00-00 00:00:00', '0000-00-00 00:00:00'),
(75, 'SIDI HSAINE', 3, '0000-00-00 00:00:00', '0000-00-00 00:00:00'),
(76, 'ASSAKI', 3, '0000-00-00 00:00:00', '0000-00-00 00:00:00'),
(77, 'TAOUYALTE', 3, '0000-00-00 00:00:00', '0000-00-00 00:00:00'),
(78, 'TOUBKAL', 3, '0000-00-00 00:00:00', '0000-00-00 00:00:00'),
(79, 'OUZIOUA', 3, '0000-00-00 00:00:00', '0000-00-00 00:00:00'),
(80, 'TIZGZAOUINE', 3, '0000-00-00 00:00:00', '0000-00-00 00:00:00'),
(82, 'FREIJA', 5, '0000-00-00 00:00:00', '0000-00-00 00:00:00'),
(83, 'AHMAR LAGLALCHA', 5, '0000-00-00 00:00:00', '0000-00-00 00:00:00'),
(84, 'LAMNIZLA', 5, '0000-00-00 00:00:00', '0000-00-00 00:00:00'),
(85, 'AIT IGAS', 5, '0000-00-00 00:00:00', '0000-00-00 00:00:00'),
(86, 'SIDI DAHMANE', 5, '0000-00-00 00:00:00', '0000-00-00 00:00:00'),
(87, 'TIOUT', 5, '0000-00-00 00:00:00', '0000-00-00 00:00:00'),
(88, 'ZAOUIA SIDI TAHAR', 5, '0000-00-00 00:00:00', '0000-00-00 00:00:00'),
(89, 'SIDI AHMED OU ABDALLAH', 5, '0000-00-00 00:00:00', '0000-00-00 00:00:00'),
(90, 'IDA OU MOUMEN', 5, '0000-00-00 00:00:00', '0000-00-00 00:00:00'),
(91, 'BOUNRAR', 5, '0000-00-00 00:00:00', '0000-00-00 00:00:00'),
(92, 'IMOULASS', 5, '0000-00-00 00:00:00', '0000-00-00 00:00:00'),
(93, 'TAZEMMOURT', 5, '0000-00-00 00:00:00', '0000-00-00 00:00:00'),
(94, 'SIDI BORJA', 5, '0000-00-00 00:00:00', '0000-00-00 00:00:00'),
(95, 'TAFRAOUTEN', 5, '0000-00-00 00:00:00', '0000-00-00 00:00:00'),
(96, 'AIT MAKHLOUF', 5, '0000-00-00 00:00:00', '0000-00-00 00:00:00'),
(97, 'TAMALOUKTE', 5, '0000-00-00 00:00:00', '0000-00-00 00:00:00'),
(98, 'OULAD TEIMA', 6, '0000-00-00 00:00:00', '0000-00-00 00:00:00'),
(99, 'AIT IAAZA', 7, '0000-00-00 00:00:00', '0000-00-00 00:00:00'),
(100, 'TALIOUINE', 8, '0000-00-00 00:00:00', '0000-00-00 00:00:00'),
(101, 'TAROUDANNT', 9, '0000-00-00 00:00:00', '0000-00-00 00:00:00'),
(102, 'OULAD BERHIL', 13, '0000-00-00 00:00:00', '0000-00-00 00:00:00'),
(103, 'IRHERM', 10, '0000-00-00 00:00:00', '0000-00-00 00:00:00'),
(104, 'EL GUERDANE', 11, '0000-00-00 00:00:00', '0000-00-00 00:00:00'),
(105, 'AOULOUZ', 12, '0000-00-00 00:00:00', '0000-00-00 00:00:00'),
(106, 'TOUMLILINE', 2, '0000-00-00 00:00:00', '0000-00-00 00:00:00'),
(109, '-', 19, NULL, NULL);

--
-- Triggers `communes`
--
DELIMITER $$
CREATE TRIGGER `tr_sup_comn` BEFORE DELETE ON `communes` FOR EACH ROW DELETE FROM etablissements WHERE etablissements.idCommune = OLD.id
$$
DELIMITER ;

-- --------------------------------------------------------

--
-- Table structure for table `etablissements`
--

CREATE TABLE `etablissements` (
  `id` int(10) UNSIGNED NOT NULL,
  `nom` varchar(100) COLLATE utf8mb4_unicode_ci NOT NULL,
  `niveau` varchar(50) COLLATE utf8mb4_unicode_ci NOT NULL,
  `idAnnexe` int(11) UNSIGNED NOT NULL,
  `idCommune` int(11) UNSIGNED NOT NULL,
  `created_at` timestamp NULL DEFAULT NULL,
  `updated_at` timestamp NULL DEFAULT NULL
) ENGINE=InnoDB DEFAULT CHARSET=utf8mb4 COLLATE=utf8mb4_unicode_ci;

--
-- Dumping data for table `etablissements`
--

INSERT INTO `etablissements` (`id`, `nom`, `niveau`, `idAnnexe`, `idCommune`, `created_at`, `updated_at`) VALUES
(1, 'E.AGHCHIYINE', 'primaire', 2, 1, '2017-08-31 20:33:33', '2017-08-31 20:33:33'),
(2, 's/s charif idrissi', 'primaire', 14, 2, '2017-08-31 20:33:33', '2017-08-31 20:33:33'),
(3, 'S / S ALQODS', 'primaire', 2, 7, '2017-08-31 20:33:33', '2017-08-31 20:33:33'),
(4, 'S/S KHALID IBNOU LWALID', 'primaire', 2, 7, '2017-08-31 20:33:33', '2017-08-31 20:33:33'),
(5, 'IBNOU NAFISS', 'primaire', 14, 5, '2017-08-31 20:33:34', '2017-08-31 20:33:34'),
(6, 's/s imam lkhateb', 'primaire', 2, 1, '2017-08-31 20:33:34', '2017-08-31 20:33:34'),
(7, 'S/S KADI AYAD', 'primaire', 2, 6, '2017-08-31 20:33:34', '2017-08-31 20:33:34'),
(8, 'S/S ZAITOUNE', 'primaire', 2, 3, '2017-08-31 20:33:34', '2017-08-31 20:33:34'),
(9, 'S/S TOLBA', 'primaire', 2, 6, '2017-08-31 20:33:34', '2017-08-31 20:33:34'),
(10, 'S/S ENAYMA', 'primaire', 2, 1, '2017-08-31 20:33:34', '2017-08-31 20:33:34'),
(11, 'S/S SIDI AHMED OMER', 'primaire', 2, 6, '2017-08-31 20:33:34', '2017-08-31 20:33:34'),
(12, 'mokhtar elsoussi', 'primaire', 14, 5, '2017-08-31 20:33:34', '2017-08-31 20:33:34'),
(13, 'S/S MAARY', 'primaire', 14, 2, '2017-08-31 20:33:34', '2017-08-31 20:33:34'),
(14, 'S/S LAHFAYA', 'primaire', 14, 2, '2017-08-31 20:33:34', '2017-08-31 20:33:34'),
(15, 'S/S ELMAMOUNE', 'primaire', 2, 1, '2017-08-31 20:33:34', '2017-08-31 20:33:34'),
(16, 'S/S OULAD HOUMAD', 'primaire', 2, 6, '2017-08-31 20:33:34', '2017-08-31 20:33:34'),
(17, 'S / S 30 JUILLET', 'primaire', 2, 7, '2017-08-31 20:33:34', '2017-08-31 20:33:34'),
(18, 'S/S Salah Eddine El Ayoubi', 'primaire', 14, 2, '2017-08-31 20:33:34', '2017-08-31 20:33:34'),
(19, 'S/S IBNOU ACHIR', 'primaire', 2, 3, '2017-08-31 20:33:34', '2017-08-31 20:33:34'),
(20, 's/s almaghrib alarabi', 'primaire', 2, 3, '2017-08-31 20:33:34', '2017-08-31 20:33:34'),
(21, 's/s sidi ayad soussi', 'primaire', 2, 3, '2017-08-31 20:33:34', '2017-08-31 20:33:34'),
(22, 'S/S HASSAN BEN TABIT', 'primaire', 14, 4, '2017-08-31 20:33:34', '2017-08-31 20:33:34'),
(23, 'S/S BAHRANI', 'primaire', 14, 4, '2017-08-31 20:33:34', '2017-08-31 20:33:34'),
(24, 'College ibn sinaaaaaaaa', 'college', 2, 1, '2017-08-31 20:33:34', '2017-09-06 14:22:59'),
(25, 'college almajd', 'college', 14, 2, '2017-08-31 20:33:34', '2017-08-31 20:33:34'),
(26, 'LYCEE QUALIFIANT ETTABARI', 'college', 2, 3, '2017-08-31 20:33:34', '2017-08-31 20:33:34'),
(27, 'COLLEGE SIDI BOUMOUSSA', 'college', 2, 7, '2017-08-31 20:33:35', '2017-08-31 20:33:35'),
(28, 'Collège Sidi Hmad Omer', 'college', 2, 6, '2017-08-31 20:33:35', '2017-08-31 20:33:35'),
(29, 'S S ADAR', 'primaire', 3, 35, '2017-08-31 20:40:16', '2017-08-31 20:40:16'),
(30, 'S/S Sidi Boudala', 'primaire', 3, 51, '2017-08-31 20:40:16', '2017-08-31 20:40:16'),
(31, 'S/S BANI MARINE', 'primaire', 3, 52, '2017-08-31 20:40:16', '2017-08-31 20:40:16'),
(32, 'S/S CHAOUQI', 'primaire', 5, 53, '2017-08-31 20:40:16', '2017-08-31 20:40:16'),
(33, 'S,S ZOUBAIR BNOU ALOUAM', 'primaire', 3, 51, '2017-08-31 20:40:16', '2017-08-31 20:40:16'),
(34, 'S/S OMAR IBN ABDELAZIZ', 'primaire', 3, 54, '2017-08-31 20:40:16', '2017-08-31 20:40:16'),
(35, 's/s tislane', 'primaire', 4, 55, '2017-08-31 20:40:16', '2017-08-31 20:40:16'),
(36, 's/s aljoulane', 'primaire', 4, 55, '2017-08-31 20:40:16', '2017-08-31 20:40:16'),
(37, 'S/S ELBOUSSAIRI', 'primaire', 3, 56, '2017-08-31 20:40:16', '2017-08-31 20:40:16'),
(38, 's s tamount', 'primaire', 5, 53, '2017-08-31 20:40:16', '2017-08-31 20:40:16'),
(39, 's s alwiam', 'primaire', 5, 53, '2017-08-31 20:40:16', '2017-08-31 20:40:16'),
(40, 'S/S MOHAMED CHEIKH', 'primaire', 3, 52, '2017-08-31 20:40:17', '2017-08-31 20:40:17'),
(41, 'S/S ALI BEN ABI TALEB', 'primaire', 3, 35, '2017-08-31 20:40:17', '2017-08-31 20:40:17'),
(42, 's/s alhaj abd allah zagour', 'primaire', 4, 57, '2017-08-31 20:40:17', '2017-08-31 20:40:17'),
(43, 'S/S tagmout', 'primaire', 4, 58, '2017-08-31 20:40:17', '2017-08-31 20:40:17'),
(44, 'S/S KHMISS AIT YOUNES', 'primaire', 5, 59, '2017-08-31 20:40:17', '2017-08-31 20:40:17'),
(45, 'S/S moaad ben jabal', 'primaire', 4, 106, '2017-08-31 20:40:17', '2017-08-31 20:40:17'),
(46, 'S/S ibno sina', 'primaire', 4, 106, '2017-08-31 20:40:17', '2017-08-31 20:40:17'),
(47, 'S/S BERGUEN', 'primaire', 3, 60, '2017-08-31 20:40:17', '2017-08-31 20:40:17'),
(48, 's/s moussa bno noussayr', 'primaire', 3, 56, '2017-08-31 20:40:17', '2017-08-31 20:40:17'),
(49, 'S/S ANAMMER', 'primaire', 5, 61, '2017-08-31 20:40:17', '2017-08-31 20:40:17'),
(50, 'S/S IBN HANBAL', 'primaire', 5, 61, '2017-08-31 20:40:17', '2017-08-31 20:40:17'),
(51, 'S/S ibakizen', 'primaire', 3, 56, '2017-08-31 20:40:17', '2017-08-31 20:40:17'),
(52, 'S/S TAMIGHATE', 'primaire', 5, 62, '2017-08-31 20:40:17', '2017-08-31 20:40:17'),
(53, 'S/S Azzohour', 'primaire', 5, 59, '2017-08-31 20:40:17', '2017-08-31 20:40:17'),
(54, 'S/S DOUSSAOUNE', 'primaire', 3, 35, '2017-08-31 20:40:17', '2017-08-31 20:40:17'),
(55, 'S/S AL ATLAS ESSAGHIR', 'primaire', 5, 63, '2017-08-31 20:40:17', '2017-08-31 20:40:17'),
(56, 'S/S TIRMIDI', 'primaire', 5, 62, '2017-08-31 20:40:17', '2017-08-31 20:40:17'),
(57, 's/s Firdaous', 'primaire', 3, 56, '2017-08-31 20:40:17', '2017-08-31 20:40:17'),
(58, 'S/S ALJIHAD', 'primaire', 4, 64, '2017-08-31 20:40:17', '2017-08-31 20:40:17'),
(59, 'college ait abdelllah', 'college', 4, 57, '2017-08-31 20:40:17', '2017-08-31 20:40:17'),
(60, 'college nebresse', 'college', 3, 56, '2017-08-31 20:40:17', '2017-08-31 20:40:17'),
(61, 'AL MOSTAKBAL', 'college', 5, 53, '2017-08-31 20:40:17', '2017-08-31 20:40:17'),
(62, 'S/S AMRO BNO LAAS', 'primaire', 6, 66, '2017-08-31 20:42:19', '2017-08-31 20:42:19'),
(63, 's/s askaoune', 'primaire', 9, 67, '2017-08-31 20:42:19', '2017-08-31 20:42:19'),
(64, 's/s El Moutanabi', 'primaire', 7, 68, '2017-08-31 20:42:19', '2017-08-31 20:42:19'),
(65, 'S/S IMIDRE', 'primaire', 7, 69, '2017-08-31 20:42:19', '2017-08-31 20:42:19'),
(66, 'S S EL YANBOUA', 'primaire', 9, 67, '2017-08-31 20:42:19', '2017-08-31 20:42:19'),
(67, 'S/S SIROUA', 'primaire', 6, 66, '2017-08-31 20:42:19', '2017-08-31 20:42:19'),
(68, 'S/S  SIDI HAMMOU TALEB', 'primaire', 7, 70, '2017-08-31 20:42:19', '2017-08-31 20:42:19'),
(69, 'AGADIR MELLOUL', 'primaire', 6, 71, '2017-08-31 20:42:19', '2017-08-31 20:42:19'),
(70, 'S/S IBN BATTOUTA', 'primaire', 7, 70, '2017-08-31 20:42:19', '2017-08-31 20:42:19'),
(71, 's/s Tifnoute', 'primaire', 7, 68, '2017-08-31 20:42:19', '2017-08-31 20:42:19'),
(72, 's/s talha ben zoubaire', 'primaire', 6, 72, '2017-08-31 20:42:19', '2017-08-31 20:42:19'),
(73, 'S/S  TANARACHT', 'primaire', 8, 73, '2017-08-31 20:42:19', '2017-08-31 20:42:19'),
(74, 'S/S  TINYAGOURTINE', 'primaire', 8, 73, '2017-08-31 20:42:19', '2017-08-31 20:42:19'),
(75, 'S/S TIZGUI', 'primaire', 8, 73, '2017-08-31 20:42:19', '2017-08-31 20:42:19'),
(76, 's/s Zarktouni', 'primaire', 8, 74, '2017-08-31 20:42:19', '2017-08-31 20:42:19'),
(77, 'S/S ZAAFRANE', 'primaire', 6, 75, '2017-08-31 20:42:19', '2017-08-31 20:42:19'),
(78, 'S/S IMGHID', 'primaire', 6, 75, '2017-08-31 20:42:19', '2017-08-31 20:42:19'),
(79, 'S/S AMALOU', 'primaire', 8, 76, '2017-08-31 20:42:20', '2017-08-31 20:42:20'),
(80, 'S/S TARGUA NMIMOUN', 'primaire', 8, 76, '2017-08-31 20:42:20', '2017-08-31 20:42:20'),
(81, 'MHAND BEN WESSAADNE ESSOUKTANI', 'primaire', 6, 72, '2017-08-31 20:42:20', '2017-08-31 20:42:20'),
(82, 's/s : TARIKTE', 'primaire', 6, 72, '2017-08-31 20:42:20', '2017-08-31 20:42:20'),
(83, 's/s tawayalte', 'primaire', 9, 77, '2017-08-31 20:42:20', '2017-08-31 20:42:20'),
(84, 's/s tazoulte', 'primaire', 9, 77, '2017-08-31 20:42:20', '2017-08-31 20:42:20'),
(85, 'ABI INANE ALMARINI', 'primaire', 7, 78, '2017-08-31 20:42:20', '2017-08-31 20:42:20'),
(86, 'ALBOUHTOURI', 'primaire', 7, 78, '2017-08-31 20:42:20', '2017-08-31 20:42:20'),
(87, 'S/S Irzi', 'primaire', 8, 74, '2017-08-31 20:42:20', '2017-08-31 20:42:20'),
(88, 'S/S TAOURIRT NZEDDI', 'primaire', 9, 67, '2017-08-31 20:42:20', '2017-08-31 20:42:20'),
(89, 'S/S ALJAHID', 'primaire', 7, 79, '2017-08-31 20:42:20', '2017-08-31 20:42:20'),
(90, 's/s tidnasse', 'primaire', 8, 76, '2017-08-31 20:42:20', '2017-08-31 20:42:20'),
(91, 's/s lac ifni', 'primaire', 7, 78, '2017-08-31 20:42:20', '2017-08-31 20:42:20'),
(92, 's/s IBN ALHASSAN ALOUAZZANI', 'primaire', 6, 71, '2017-08-31 20:42:20', '2017-08-31 20:42:20'),
(93, 'imam ichafii', 'primaire', 6, 71, '2017-08-31 20:42:20', '2017-08-31 20:42:20'),
(94, 'IBN KHALDOUNE', 'primaire', 6, 71, '2017-08-31 20:42:20', '2017-08-31 20:42:20'),
(95, 'S/S ELMALTH', 'primaire', 8, 76, '2017-08-31 20:42:20', '2017-08-31 20:42:20'),
(96, 'S/S TIMICHA', 'primaire', 8, 80, '2017-08-31 20:42:20', '2017-08-31 20:42:20'),
(97, 'S/S TOUBKAL', 'primaire', 7, 78, '2017-08-31 20:42:21', '2017-08-31 20:42:21'),
(98, 's/s farahidi', 'primaire', 6, 66, '2017-08-31 20:42:21', '2017-08-31 20:42:21'),
(99, 's/s ait aicht', 'primaire', 6, 66, '2017-08-31 20:42:21', '2017-08-31 20:42:21'),
(100, 'S/S tizi ntourtite', 'primaire', 8, 74, '2017-08-31 20:42:21', '2017-08-31 20:42:21'),
(101, 's/s  boukmakh', 'primaire', 6, 71, '2017-08-31 20:42:21', '2017-08-31 20:42:21'),
(102, 's/s tasdremt', 'primaire', 7, 69, '2017-08-31 20:42:21', '2017-08-31 20:42:21'),
(103, 's/s ihalochen', 'primaire', 8, 80, '2017-08-31 20:42:21', '2017-08-31 20:42:21'),
(104, '18-nov.', 'primaire', 7, 80, '2017-08-31 20:42:21', '2017-08-31 20:42:21'),
(105, 'S/S ADGHIGH', 'primaire', 9, 67, '2017-08-31 20:42:21', '2017-08-31 20:42:21'),
(106, 's/s wamoumen', 'primaire', 7, 68, '2017-08-31 20:42:21', '2017-08-31 20:42:21'),
(107, 'S/S jaber ben hayan', 'primaire', 9, 77, '2017-08-31 20:42:21', '2017-08-31 20:42:21'),
(108, 'S/S Iaaraben', 'primaire', 9, 77, '2017-08-31 20:42:21', '2017-08-31 20:42:21'),
(109, 's/s alinbiaat', 'primaire', 7, 79, '2017-08-31 20:42:21', '2017-08-31 20:42:21'),
(110, 'S/S TAISSA', 'primaire', 7, 70, '2017-08-31 20:42:21', '2017-08-31 20:42:21'),
(111, 'AL ANWAR', 'primaire', 7, 70, '2017-08-31 20:42:21', '2017-08-31 20:42:21'),
(112, 'AZGUROZ', 'primaire', 7, 70, '2017-08-31 20:42:21', '2017-08-31 20:42:21'),
(113, 'S/S SIDI AHMED OUZIOU', 'primaire', 7, 79, '2017-08-31 20:42:21', '2017-08-31 20:42:21'),
(114, 's/s zagmouzen', 'primaire', 8, 74, '2017-08-31 20:42:21', '2017-08-31 20:42:21'),
(115, 'akssil', 'primaire', 7, 79, '2017-08-31 20:42:21', '2017-08-31 20:42:21'),
(116, 'TAZYOUKT', 'primaire', 7, 69, '2017-08-31 20:42:22', '2017-08-31 20:42:22'),
(117, 'S/S TARIK BEN ZIYAD', 'primaire', 6, 75, '2017-08-31 20:42:22', '2017-08-31 20:42:22'),
(118, 'LYCEE   COLLEGIAL   ASSAKI', 'college', 8, 76, '2017-08-31 20:42:22', '2017-08-31 20:42:22'),
(119, 'collége  agadir  melloul', 'college', 6, 71, '2017-08-31 20:42:22', '2017-08-31 20:42:22'),
(120, 'lycee collegial askaoun', 'college', 9, 67, '2017-08-31 20:42:22', '2017-08-31 20:42:22'),
(121, 'collège OUHOUD', 'college', 6, 75, '2017-08-31 20:42:22', '2017-08-31 20:42:22'),
(122, 'noiyo zagmouzene', 'college', 8, 74, '2017-08-31 20:42:22', '2017-08-31 20:42:22'),
(123, 'college tafnout', 'college', 7, 68, '2017-08-31 20:42:22', '2017-08-31 20:42:22'),
(124, 'LYCEE COLLEGIAL IGUIDI', 'college', 7, 70, '2017-08-31 20:42:22', '2017-08-31 20:42:22'),
(125, 'LYCEE COLLEGIAL ouzioua', 'college', 7, 79, '2017-08-31 20:42:22', '2017-08-31 20:42:22'),
(126, 'S/S adouz', 'primaire', 17, 18, '2017-08-31 21:28:07', '2017-08-31 21:28:07'),
(127, 'S/S al mouaatamid ben aabad tamtrga', 'primaire', 17, 18, '2017-08-31 21:28:07', '2017-08-31 21:28:07'),
(128, 'S/S ALMOUAHHIDIN', 'primaire', 18, 19, '2017-08-31 21:28:07', '2017-08-31 21:28:07'),
(129, 'S/S Sidi Hmad Oumalek', 'primaire', 17, 18, '2017-08-31 21:28:07', '2017-08-31 21:28:07'),
(130, 'S/S   AIT  SAYH', 'primaire', 17, 20, '2017-08-31 21:28:07', '2017-08-31 21:28:07'),
(131, 'S/S TADDARTE', 'primaire', 17, 21, '2017-08-31 21:28:07', '2017-08-31 21:28:07'),
(132, 'S/S TISSAFINE', 'primaire', 17, 20, '2017-08-31 21:28:07', '2017-08-31 21:28:07'),
(133, 'S/S TAHCHMOUMTE', 'primaire', 18, 19, '2017-08-31 21:28:07', '2017-08-31 21:28:07'),
(134, 'S/S YACOUBE EL MANSOUR', 'primaire', 18, 22, '2017-08-31 21:28:07', '2017-08-31 21:28:07'),
(135, 'S/S ELMEHDI BEN TOUMART ARAZANE', 'primaire', 18, 23, '2017-08-31 21:28:07', '2017-08-31 21:28:07'),
(136, 'S/S AIT BOUZMANE', 'primaire', 18, 22, '2017-08-31 21:28:08', '2017-08-31 21:28:08'),
(137, 'S/S EL KINDI', 'primaire', 18, 22, '2017-08-31 21:28:08', '2017-08-31 21:28:08'),
(138, 'ECOLE COMMUNAUTAIRE TIGOUGA', 'primaire', 17, 21, '2017-08-31 21:28:08', '2017-08-31 21:28:08'),
(139, 'S/S IMAM MOUSLIM', 'primaire', 18, 22, '2017-08-31 21:28:08', '2017-08-31 21:28:08'),
(140, 'S/S IBN  ALARABI', 'primaire', 18, 24, '2017-08-31 21:28:08', '2017-08-31 21:28:08'),
(141, 'S/S SIDI WAAZIZ', 'primaire', 17, 20, '2017-08-31 21:28:08', '2017-08-31 21:28:08'),
(142, 'TINIGNAOUNE', 'primaire', 18, 22, '2017-08-31 21:28:08', '2017-08-31 21:28:08'),
(143, 'S/S imam albokhari', 'primaire', 18, 24, '2017-08-31 21:28:08', '2017-08-31 21:28:08'),
(144, 'S/S ibn tachfine', 'primaire', 17, 25, '2017-08-31 21:28:08', '2017-08-31 21:28:08'),
(145, 'ECOLE IMAM GHAZALI', 'primaire', 17, 26, '2017-08-31 21:28:08', '2017-08-31 21:28:08'),
(146, 'S/S AITOTMANE', 'primaire', 18, 24, '2017-08-31 21:28:08', '2017-08-31 21:28:08'),
(147, 'S/S AQID ELALLAM', 'primaire', 18, 22, '2017-08-31 21:28:08', '2017-08-31 21:28:08'),
(148, 'EL FARABI', 'primaire', 18, 22, '2017-08-31 21:28:08', '2017-08-31 21:28:08'),
(149, 'S/S ATTAKADOUM', 'primaire', 17, 20, '2017-08-31 21:28:08', '2017-08-31 21:28:08'),
(150, 'S.S ELJADAWIL TARGUAT', 'primaire', 17, 26, '2017-08-31 21:28:08', '2017-08-31 21:28:08'),
(151, 'S.S TIZI NTAST', 'primaire', 17, 25, '2017-08-31 21:28:08', '2017-08-31 21:28:08'),
(152, 'S/S IBN ROUMI', 'primaire', 18, 24, '2017-08-31 21:28:08', '2017-08-31 21:28:08'),
(153, 'S/S IBNOLFARID', 'primaire', 17, 27, '2017-08-31 21:28:08', '2017-08-31 21:28:08'),
(154, 'S/S LKADISSIA', 'primaire', 17, 27, '2017-08-31 21:28:08', '2017-08-31 21:28:08'),
(155, 'S/S THALA', 'primaire', 18, 19, '2017-08-31 21:28:08', '2017-08-31 21:28:08'),
(156, 'S/S WAHLIBA', 'primaire', 18, 23, '2017-08-31 21:28:08', '2017-08-31 21:28:08'),
(157, 'S/S AMAR BEN YASER', 'primaire', 18, 23, '2017-08-31 21:28:08', '2017-08-31 21:28:08'),
(158, 's/s tajgalt', 'primaire', 17, 26, '2017-08-31 21:28:08', '2017-08-31 21:28:08'),
(159, 'LYCEE QUALIFIANT ERRAZI', 'college', 18, 23, '2017-08-31 21:28:08', '2017-08-31 21:28:08'),
(160, 'noyau tachtoult', 'college', 18, 24, '2017-08-31 21:28:08', '2017-08-31 21:28:08'),
(161, 'College talgjount', 'college', 17, 27, '2017-08-31 21:28:08', '2017-08-31 21:28:08'),
(162, 'college alfadila', 'college', 17, 26, '2017-08-31 21:28:08', '2017-08-31 21:28:08'),
(163, 'NOYAU DU COLLEGE IDA-OUGOUMADE', 'college', 18, 19, '2017-08-31 21:28:08', '2017-08-31 21:28:08'),
(164, 'LYCEE COLLGIAL SIDI OUAAZIZ', 'college', 17, 20, '2017-08-31 21:28:08', '2017-08-31 21:28:08'),
(165, 'college essaada', 'college', 18, 22, '2017-08-31 21:28:08', '2017-08-31 21:28:08'),
(166, 'Collège OUNAIN', 'college', 17, 18, '2017-08-31 21:28:08', '2017-08-31 21:28:08'),
(167, 's/s AlmoRabitine', 'primaire', 13, 82, '2017-08-31 21:29:32', '2017-08-31 21:29:32'),
(168, 'S/S ERRAGGDA', 'primaire', 13, 82, '2017-08-31 21:29:33', '2017-08-31 21:29:33'),
(169, 'S/S OULAD Ahmed', 'primaire', 13, 82, '2017-08-31 21:29:33', '2017-08-31 21:29:33'),
(170, 'S/S OUED ALOUAAR', 'primaire', 12, 83, '2017-08-31 21:29:33', '2017-08-31 21:29:33'),
(171, 's/s ibno hazeme', 'primaire', 12, 84, '2017-08-31 21:29:33', '2017-08-31 21:29:33'),
(172, 'S/S A L JOHR', 'primaire', 13, 85, '2017-08-31 21:29:33', '2017-08-31 21:29:33'),
(173, 'Ecole   s/s omar el khyam', 'primaire', 13, 86, '2017-08-31 21:29:33', '2017-08-31 21:29:33'),
(174, 'S:S RIAD COMMUNAUTAIRE', 'primaire', 13, 87, '2017-08-31 21:29:33', '2017-08-31 21:29:33'),
(175, 'S/S IBN  ABBAD', 'primaire', 13, 85, '2017-08-31 21:29:33', '2017-08-31 21:29:33'),
(176, 'S/S  ATTAAOUNIAT', 'primaire', 13, 86, '2017-08-31 21:29:33', '2017-08-31 21:29:33'),
(177, 'S/S OULAD MSSAFER', 'primaire', 12, 88, '2017-08-31 21:29:33', '2017-08-31 21:29:33'),
(178, 'S/S lbaarire', 'primaire', 12, 88, '2017-08-31 21:29:33', '2017-08-31 21:29:33'),
(179, 'E/E AGLAGAL', 'primaire', 13, 89, '2017-08-31 21:29:33', '2017-08-31 21:29:33'),
(180, 'E / E  YARMOUK', 'primaire', 13, 89, '2017-08-31 21:29:33', '2017-08-31 21:29:33'),
(181, 'S/S ELGHDIR', 'primaire', 13, 85, '2017-08-31 21:29:33', '2017-08-31 21:29:33'),
(182, 'S/S AWISSAT', 'primaire', 12, 90, '2017-08-31 21:29:33', '2017-08-31 21:29:33'),
(183, 'S/S ABDLMOMEN', 'primaire', 12, 90, '2017-08-31 21:29:33', '2017-08-31 21:29:33'),
(184, 's/s homan  el fatouaki', 'primaire', 12, 83, '2017-08-31 21:29:33', '2017-08-31 21:29:33'),
(185, 'Ecole  S/S  Moulay Zidane', 'primaire', 12, 83, '2017-08-31 21:29:33', '2017-08-31 21:29:33'),
(186, 'S/S MOHAMED ALAALEM', 'primaire', 12, 84, '2017-08-31 21:29:33', '2017-08-31 21:29:33'),
(187, 'S/S AIT DHEN', 'primaire', 12, 83, '2017-08-31 21:29:33', '2017-08-31 21:29:33'),
(188, 'S/S AIT MOUSSA', 'primaire', 13, 85, '2017-08-31 21:29:34', '2017-08-31 21:29:34'),
(189, 'LYCEE COLLEGIALL TIOUT', 'college', 13, 87, '2017-08-31 21:29:34', '2017-08-31 21:29:34'),
(190, 'College imam moslem', 'college', 13, 85, '2017-08-31 21:29:34', '2017-08-31 21:29:34'),
(191, 'COLLEGE MANSSOUR DAHBI', 'college', 12, 83, '2017-08-31 21:29:34', '2017-08-31 21:29:34'),
(192, 'college sidi tahr', 'college', 12, 88, '2017-08-31 21:29:34', '2017-08-31 21:29:34'),
(193, 's/s Abi moussa alachari', 'primaire', 16, 8, '2017-08-31 21:31:22', '2017-08-31 21:31:22'),
(194, 's/s Ifid', 'primaire', 1, 9, '2017-08-31 21:31:22', '2017-08-31 21:31:22'),
(195, 'S S Dkhila', 'primaire', 15, 10, '2017-08-31 21:31:22', '2017-08-31 21:31:22'),
(196, 'S/S ERRACHAD', 'primaire', 1, 11, '2017-08-31 21:31:22', '2017-08-31 21:31:22'),
(197, 'S/S INFGUENE', 'primaire', 16, 12, '2017-08-31 21:31:22', '2017-08-31 21:31:22'),
(198, 'S/S 11 JANVIER', 'primaire', 1, 13, '2017-08-31 21:31:22', '2017-08-31 21:31:22'),
(199, 'S/S ELMANDER ALJAMIL', 'primaire', 1, 11, '2017-08-31 21:31:22', '2017-08-31 21:31:22'),
(200, 'S/S El mehdi ben toumert argana', 'primaire', 1, 9, '2017-08-31 21:31:22', '2017-08-31 21:31:22'),
(201, 'S/S TAGDICHT', 'primaire', 1, 9, '2017-08-31 21:31:22', '2017-08-31 21:31:22'),
(202, 'S/S TAGOUNZA', 'primaire', 1, 11, '2017-08-31 21:31:22', '2017-08-31 21:31:22'),
(203, 'S/S al afaq assads', 'primaire', 16, 12, '2017-08-31 21:31:22', '2017-08-31 21:31:22'),
(204, 's/s Abdel krim khattabi', 'primaire', 16, 8, '2017-08-31 21:31:22', '2017-08-31 21:31:22'),
(205, 's/s bouyahya', 'primaire', 15, 10, '2017-08-31 21:31:22', '2017-08-31 21:31:22'),
(206, 'S/S ASSALAM', 'primaire', 16, 14, '2017-08-31 21:31:22', '2017-08-31 21:31:22'),
(207, 'S-S Abi Dar Ghifari', 'primaire', 15, 15, '2017-08-31 21:31:23', '2017-08-31 21:31:23'),
(208, 'S/S AL WAFA', 'primaire', 1, 13, '2017-08-31 21:31:23', '2017-08-31 21:31:23'),
(209, 'S S : TASDART', 'primaire', 15, 10, '2017-08-31 21:31:23', '2017-08-31 21:31:23'),
(210, 'S S IBN TAIMIA', 'primaire', 15, 16, '2017-08-31 21:31:23', '2017-08-31 21:31:23'),
(211, 'S/S/ABI BAKR ESSIDIK', 'primaire', 16, 14, '2017-08-31 21:31:23', '2017-08-31 21:31:23'),
(212, '06-nov.', 'college', 15, 16, '2017-08-31 21:31:23', '2017-09-30 09:17:40'),
(213, 'S/S bigoudine', 'primaire', 1, 13, '2017-08-31 21:31:23', '2017-08-31 21:31:23'),
(214, 'ecol ain elmdiour', 'primaire', 16, 14, '2017-08-31 21:31:23', '2017-08-31 21:31:23'),
(215, 'S/S Ichkajen', 'primaire', 1, 17, '2017-08-31 21:31:23', '2017-08-31 21:31:23'),
(216, 'S/S TOUNRIT', 'primaire', 1, 17, '2017-08-31 21:31:23', '2017-08-31 21:31:23'),
(217, 's,s,oued souss', 'primaire', 15, 15, '2017-08-31 21:31:23', '2017-08-31 21:31:23'),
(218, 'S/S TALMAKANT', 'primaire', 1, 17, '2017-08-31 21:31:23', '2017-08-31 21:31:23'),
(219, 'COLLEGE ASSADS', 'college', 16, 12, '2017-08-31 21:31:23', '2017-08-31 21:31:23'),
(220, 'Collége Adouar', 'college', 16, 14, '2017-08-31 21:31:23', '2017-08-31 21:31:23'),
(221, 'college sidi moussa elhamri', 'college', 15, 15, '2017-08-31 21:31:23', '2017-08-31 21:31:23'),
(222, 'college talmakant', 'college', 1, 17, '2017-08-31 21:31:23', '2017-08-31 21:31:23'),
(223, 'lycee Qualifiant chabbi', 'college', 16, 14, '2017-08-31 21:31:23', '2017-08-31 21:31:23'),
(224, 'COLLEGE ARGANA', 'college', 1, 9, '2017-08-31 21:31:24', '2017-08-31 21:31:24'),
(225, 'lycee collégial Issen', 'college', 15, 16, '2017-08-31 21:31:24', '2017-08-31 21:31:24'),
(226, 'S/S AIT SALEH', 'primaire', 10, 28, '2017-08-31 21:33:02', '2017-08-31 21:33:02'),
(227, 'S/S ALLAL BEN ABDELLAH', 'primaire', 10, 28, '2017-08-31 21:33:02', '2017-08-31 21:33:02'),
(228, 'S/S EZZALLAKA', 'primaire', 11, 29, '2017-08-31 21:33:02', '2017-08-31 21:33:02'),
(229, 'S/S lamnabha', 'primaire', 10, 30, '2017-08-31 21:33:02', '2017-08-31 21:33:02'),
(230, 'S/S  IBNO ALHAITAM', 'primaire', 11, 31, '2017-08-31 21:33:02', '2017-08-31 21:33:02'),
(231, 'S/S oukba ibn nafiae', 'primaire', 11, 29, '2017-08-31 21:33:02', '2017-08-31 21:33:02'),
(232, 'S/S TALAA', 'primaire', 10, 30, '2017-08-31 21:33:02', '2017-08-31 21:33:02'),
(233, 'S/S FALGHOUS', 'primaire', 11, 32, '2017-08-31 21:33:02', '2017-08-31 21:33:02'),
(234, 'S,S IGUIDAR', 'primaire', 10, 33, '2017-08-31 21:33:02', '2017-08-31 21:33:02'),
(235, 'S/S ABILMOUHAGIR', 'primaire', 11, 31, '2017-08-31 21:33:02', '2017-08-31 21:33:02'),
(236, 'S/S RZAGNA', 'primaire', 11, 34, '2017-08-31 21:33:03', '2017-08-31 21:33:03'),
(237, 'S/S ANNAJAH TAMAST', 'primaire', 10, 30, '2017-08-31 21:33:03', '2017-08-31 21:33:03'),
(238, 's/s zaouit ait lahcen obrahim', 'primaire', 10, 33, '2017-08-31 21:33:03', '2017-08-31 21:33:03'),
(239, 's/Swadi almakhazine', 'primaire', 11, 32, '2017-08-31 21:33:03', '2017-08-31 21:33:03'),
(240, 'S/S NAHDA', 'primaire', 11, 34, '2017-08-31 21:33:03', '2017-08-31 21:33:03'),
(241, 'S/S LMHARA', 'primaire', 10, 33, '2017-08-31 21:33:03', '2017-08-31 21:33:03'),
(242, 'college igli', 'college', 11, 34, '2017-08-31 21:33:03', '2017-08-31 21:33:03'),
(243, 'LYCEE QUALIFIANT ALMAARIFA', 'college', 11, 31, '2017-08-31 21:33:03', '2017-08-31 21:33:03'),
(244, 'LMAHRA', 'college', 10, 33, '2017-08-31 21:33:03', '2017-08-31 21:33:03'),
(245, 'LYCEE COLLEGEIAL TINZERT', 'college', 10, 28, '2017-08-31 21:33:03', '2017-08-31 21:33:03'),
(246, 'S/S AOURIR', 'primaire', 19, 91, '2017-08-31 21:34:03', '2017-08-31 21:34:03'),
(247, 'S /S GATIWA', 'primaire', 19, 91, '2017-08-31 21:34:03', '2017-08-31 21:34:03'),
(248, 's/s Afenssou', 'primaire', 20, 92, '2017-08-31 21:34:03', '2017-08-31 21:34:03'),
(249, 'S/S chahid driss harti', 'primaire', 19, 93, '2017-08-31 21:34:03', '2017-08-31 21:34:03'),
(250, 's/s tanfacht', 'primaire', 20, 92, '2017-08-31 21:34:03', '2017-08-31 21:34:03'),
(251, 'S/S ESSAADYINNE', 'primaire', 19, 91, '2017-08-31 21:34:03', '2017-08-31 21:34:03'),
(252, 's/s Tasdmert', 'primaire', 20, 92, '2017-08-31 21:34:03', '2017-08-31 21:34:03'),
(253, 'S/S ARREDA', 'primaire', 19, 94, '2017-08-31 21:34:03', '2017-08-31 21:34:03'),
(254, 's/s ibn zaydoune', 'primaire', 20, 95, '2017-08-31 21:34:03', '2017-08-31 21:34:03'),
(255, 'S/S OUM ELKORA', 'primaire', 19, 94, '2017-08-31 21:34:03', '2017-08-31 21:34:03'),
(256, 'S/S jaafer sadik', 'primaire', 20, 96, '2017-08-31 21:34:03', '2017-08-31 21:34:03'),
(257, 's/s tamssoulte', 'primaire', 20, 95, '2017-08-31 21:34:03', '2017-08-31 21:34:03'),
(258, 'S/S Al Atlas Al Kabir', 'primaire', 20, 95, '2017-08-31 21:34:03', '2017-08-31 21:34:03'),
(259, 'S/S KHAWAREZMI', 'primaire', 19, 94, '2017-08-31 21:34:03', '2017-08-31 21:34:03'),
(260, 'S/S ALWAHDA LMAGHARIBIYA', 'primaire', 20, 97, '2017-08-31 21:34:03', '2017-08-31 21:34:03'),
(261, 'TAMAROUT', 'primaire', 20, 95, '2017-08-31 21:34:03', '2017-08-31 21:34:03'),
(262, 'S/S ALFATH', 'primaire', 20, 95, '2017-08-31 21:34:03', '2017-08-31 21:34:03'),
(263, 's/s abdellah ben massaoud', 'primaire', 20, 97, '2017-08-31 21:34:04', '2017-08-31 21:34:04'),
(264, 'e/s biteljane', 'primaire', 20, 96, '2017-08-31 21:34:04', '2017-08-31 21:34:04'),
(265, 'S/S ALADARISSA', 'primaire', 20, 92, '2017-08-31 21:34:04', '2017-08-31 21:34:04'),
(266, 'S/S IDRRIS 1', 'primaire', 20, 92, '2017-08-31 21:34:04', '2017-08-31 21:34:04'),
(267, 'S/S TINOUAYNANE', 'primaire', 19, 93, '2017-08-31 21:34:04', '2017-08-31 21:34:04'),
(268, 'LYCEE   COLLEGIAL  IMOULASS', 'college', 20, 92, '2017-08-31 21:34:04', '2017-08-31 21:34:04'),
(269, 'Lycee collègial Tazmourte', 'college', 19, 93, '2017-08-31 21:34:04', '2017-08-31 21:34:04'),
(270, 'L.C.ENNOUR', 'college', 20, 97, '2017-08-31 21:34:04', '2017-08-31 21:34:04'),
(271, 'École ALHASSAN DAKHIL', 'primaire', 21, 98, '2017-08-31 21:44:31', '2017-08-31 21:44:31'),
(272, 'Ecole   OULAD YAHYA', 'primaire', 22, 99, '2017-08-31 21:44:31', '2017-08-31 21:44:31'),
(273, 'S/S MHAND OUBRAHIM EL YAKOUBI', 'primaire', 23, 100, '2017-08-31 21:44:32', '2017-08-31 21:44:32'),
(274, 'ECOLE BAB LAKHMISS', 'primaire', 24, 101, '2017-08-31 21:44:32', '2017-08-31 21:44:32'),
(275, 'ECOLE  TALIOUINE ALKASBA', 'primaire', 23, 100, '2017-08-31 21:44:32', '2017-08-31 21:44:32'),
(276, 'AL AAHD ALJADID', 'primaire', 22, 99, '2017-08-31 21:44:32', '2017-08-31 21:44:32'),
(277, 'HAROUNE ERRACHID', 'primaire', 26, 102, '2017-08-31 21:44:32', '2017-08-31 21:44:32'),
(278, 's/s el hawzali', 'primaire', 25, 103, '2017-08-31 21:44:32', '2017-08-31 21:44:32'),
(279, 'ecole brahim roudani', 'primaire', 24, 101, '2017-08-31 21:44:32', '2017-08-31 21:44:32'),
(280, 'AL IMAM MALEK', 'primaire', 24, 101, '2017-08-31 21:44:32', '2017-08-31 21:44:32'),
(281, 'Ecole AL HOURIA', 'primaire', 21, 98, '2017-08-31 21:44:32', '2017-08-31 21:44:32'),
(282, 'IBN TOUFAIL', 'primaire', 21, 98, '2017-08-31 21:44:32', '2017-08-31 21:44:32'),
(283, 's/s lhricha', 'primaire', 21, 98, '2017-08-31 21:44:32', '2017-08-31 21:44:32'),
(284, 'ECOLE AHFIR', 'primaire', 24, 101, '2017-08-31 21:44:32', '2017-08-31 21:44:32'),
(285, 'E,RABIA  ELAADAOUIYA', 'primaire', 21, 98, '2017-08-31 21:44:32', '2017-08-31 21:44:32'),
(286, 'S/S CHLIOUATE', 'primaire', 21, 98, '2017-08-31 21:44:33', '2017-08-31 21:44:33'),
(287, 'E.AL MANSOUR ADDAHBI', 'primaire', 24, 101, '2017-08-31 21:44:33', '2017-08-31 21:44:33'),
(288, 'ECHAHID WISAADAN MBAREK', 'primaire', 24, 101, '2017-08-31 21:44:33', '2017-08-31 21:44:33'),
(289, 'ERRAZI', 'primaire', 21, 98, '2017-08-31 21:44:33', '2017-08-31 21:44:33'),
(290, 'ecole outmane ben affane', 'primaire', 28, 104, '2017-08-31 21:44:33', '2017-08-31 21:44:33'),
(291, 'ECOLE ELBASSATINE', 'primaire', 24, 101, '2017-08-31 21:44:33', '2017-08-31 21:44:33'),
(292, 'ecole abdellah ben yassine', 'primaire', 24, 101, '2017-08-31 21:44:33', '2017-08-31 21:44:33'),
(293, 'S/S ALMASSAMIDA', 'primaire', 27, 105, '2017-08-31 21:44:33', '2017-08-31 21:44:33'),
(294, 'ecole badr', 'primaire', 21, 98, '2017-08-31 21:44:33', '2017-08-31 21:44:33'),
(295, 'ECOLE AMINA BENT WAHB', 'primaire', 24, 101, '2017-08-31 21:44:33', '2017-08-31 21:44:33'),
(296, 'ECOLE UBN ROUCHD', 'primaire', 21, 98, '2017-08-31 21:44:33', '2017-08-31 21:44:33'),
(297, 'ecole al hay almohammadi', 'primaire', 24, 101, '2017-08-31 21:44:33', '2017-08-31 21:44:33'),
(298, 'Ecole Ben saaidi', 'primaire', 24, 101, '2017-08-31 21:44:33', '2017-08-31 21:44:33'),
(299, 'S/SMOULAY SMAIL', 'primaire', 28, 104, '2017-08-31 21:44:33', '2017-08-31 21:44:33'),
(300, 'école Elmassira EL khadra', 'primaire', 21, 98, '2017-08-31 21:44:33', '2017-08-31 21:44:33'),
(301, 'S,S omar ben alkhattab', 'primaire', 27, 105, '2017-08-31 21:44:33', '2017-08-31 21:44:33'),
(302, 'Ecole Ennasr', 'primaire', 26, 102, '2017-08-31 21:44:33', '2017-08-31 21:44:33'),
(303, 'ECOLE ROUDANA', 'primaire', 24, 101, '2017-08-31 21:44:33', '2017-08-31 21:44:33'),
(304, 'S/S alboura', 'primaire', 24, 101, '2017-08-31 21:44:33', '2017-08-31 21:44:33'),
(305, 'Ecole Essafa', 'primaire', 21, 98, '2017-08-31 21:44:33', '2017-08-31 21:44:33'),
(306, 'S/S chouatate', 'primaire', 26, 102, '2017-08-31 21:44:33', '2017-08-31 21:44:33'),
(307, 'ECOLE EL AALAOUINE', 'primaire', 28, 104, '2017-08-31 21:44:33', '2017-08-31 21:44:33'),
(308, 'ECOLE LAWZE', 'primaire', 27, 105, '2017-08-31 21:44:33', '2017-08-31 21:44:33'),
(309, 'ECOLE LAYMONE', 'primaire', 21, 98, '2017-08-31 21:44:33', '2017-08-31 21:44:33'),
(310, 'ECOLE ALWIFAQ', 'primaire', 24, 101, '2017-08-31 21:44:33', '2017-08-31 21:44:33'),
(311, 'S S Zaouiat Sidi Daoud', 'primaire', 24, 101, '2017-08-31 21:44:34', '2017-08-31 21:44:34'),
(312, 'ECOLE 20 AOUT', 'primaire', 21, 98, '2017-08-31 21:44:34', '2017-08-31 21:44:34'),
(313, 'S/S AMARI', 'primaire', 27, 105, '2017-08-31 21:44:34', '2017-08-31 21:44:34');

--
-- Triggers `etablissements`
--
DELIMITER $$
CREATE TRIGGER `tr_sup_etab` BEFORE DELETE ON `etablissements` FOR EACH ROW DELETE FROM commandes WHERE commandes.idEtablissement = OLD.id
$$
DELIMITER ;

-- --------------------------------------------------------

--
-- Table structure for table `lignes_commandes`
--

CREATE TABLE `lignes_commandes` (
  `id` int(10) UNSIGNED NOT NULL,
  `idOuvrage` int(11) UNSIGNED NOT NULL,
  `idCommande` int(11) UNSIGNED NOT NULL,
  `quantite` int(11) NOT NULL,
  `created_at` timestamp NULL DEFAULT NULL,
  `updated_at` timestamp NULL DEFAULT NULL
) ENGINE=InnoDB DEFAULT CHARSET=utf8mb4 COLLATE=utf8mb4_unicode_ci;

--
-- Dumping data for table `lignes_commandes`
--

INSERT INTO `lignes_commandes` (`id`, `idOuvrage`, `idCommande`, `quantite`, `created_at`, `updated_at`) VALUES
(515, 150, 46, 1, '2017-10-01 22:00:41', '2017-10-01 22:00:41'),
(516, 151, 46, 1, '2017-10-01 22:00:41', '2017-10-01 22:00:41'),
(517, 152, 46, 1, '2017-10-01 22:00:41', '2017-10-01 22:00:41'),
(518, 153, 46, 1, '2017-10-01 22:00:41', '2017-10-01 22:00:41'),
(519, 154, 46, 1, '2017-10-01 22:00:41', '2017-10-01 22:00:41'),
(520, 1, 46, 1, '2017-10-01 22:00:41', '2017-10-01 22:00:41'),
(521, 2, 46, 1, '2017-10-01 22:00:41', '2017-10-01 22:00:41'),
(522, 3, 46, 1, '2017-10-01 22:00:41', '2017-10-01 22:00:41'),
(523, 4, 46, 1, '2017-10-01 22:00:41', '2017-10-01 22:00:41'),
(524, 5, 46, 1, '2017-10-01 22:00:41', '2017-10-01 22:00:41'),
(525, 6, 46, 1, '2017-10-01 22:00:41', '2017-10-01 22:00:41'),
(526, 7, 46, 1, '2017-10-01 22:00:41', '2017-10-01 22:00:41'),
(527, 8, 46, 1, '2017-10-01 22:00:41', '2017-10-01 22:00:41'),
(528, 9, 46, 1, '2017-10-01 22:00:41', '2017-10-01 22:00:41'),
(529, 10, 46, 1, '2017-10-01 22:00:42', '2017-10-01 22:00:42'),
(530, 11, 46, 1, '2017-10-01 22:00:42', '2017-10-01 22:00:42'),
(531, 12, 46, 1, '2017-10-01 22:00:42', '2017-10-01 22:00:42'),
(532, 13, 46, 1, '2017-10-01 22:00:42', '2017-10-01 22:00:42'),
(533, 14, 46, 1, '2017-10-01 22:00:42', '2017-10-01 22:00:42'),
(534, 15, 46, 1, '2017-10-01 22:00:42', '2017-10-01 22:00:42'),
(535, 18, 46, 1, '2017-10-01 22:00:42', '2017-10-01 22:00:42'),
(536, 19, 46, 1, '2017-10-01 22:00:42', '2017-10-01 22:00:42'),
(537, 20, 46, 1, '2017-10-01 22:00:42', '2017-10-01 22:00:42'),
(538, 21, 46, 1, '2017-10-01 22:00:42', '2017-10-01 22:00:42'),
(539, 22, 46, 1, '2017-10-01 22:00:42', '2017-10-01 22:00:42'),
(540, 23, 46, 1, '2017-10-01 22:00:42', '2017-10-01 22:00:42'),
(541, 24, 46, 1, '2017-10-01 22:00:42', '2017-10-01 22:00:42'),
(542, 29, 46, 1, '2017-10-01 22:00:42', '2017-10-01 22:00:42'),
(543, 30, 46, 1, '2017-10-01 22:00:42', '2017-10-01 22:00:42'),
(544, 31, 46, 1, '2017-10-01 22:00:42', '2017-10-01 22:00:42'),
(545, 150, 47, 1, '2017-10-01 22:08:42', '2017-10-01 22:08:42'),
(546, 150, 46, 1, '2017-10-03 09:25:35', '2017-10-03 09:25:35'),
(547, 151, 46, 1, '2017-10-03 09:25:35', '2017-10-03 09:25:35'),
(548, 152, 46, 1, '2017-10-03 09:25:35', '2017-10-03 09:25:35'),
(549, 153, 46, 1, '2017-10-03 09:25:35', '2017-10-03 09:25:35'),
(550, 154, 46, 1, '2017-10-03 09:25:35', '2017-10-03 09:25:35'),
(551, 1, 46, 1, '2017-10-03 09:25:35', '2017-10-03 09:25:35'),
(552, 2, 46, 1, '2017-10-03 09:25:35', '2017-10-03 09:25:35'),
(553, 3, 46, 1, '2017-10-03 09:25:35', '2017-10-03 09:25:35'),
(554, 4, 46, 1, '2017-10-03 09:25:35', '2017-10-03 09:25:35'),
(555, 5, 46, 1, '2017-10-03 09:25:35', '2017-10-03 09:25:35'),
(556, 6, 46, 1, '2017-10-03 09:25:35', '2017-10-03 09:25:35'),
(557, 7, 46, 1, '2017-10-03 09:25:35', '2017-10-03 09:25:35'),
(558, 8, 46, 1, '2017-10-03 09:25:35', '2017-10-03 09:25:35'),
(559, 9, 46, 1, '2017-10-03 09:25:35', '2017-10-03 09:25:35'),
(560, 10, 46, 1, '2017-10-03 09:25:35', '2017-10-03 09:25:35'),
(561, 11, 46, 1, '2017-10-03 09:25:35', '2017-10-03 09:25:35'),
(562, 12, 46, 1, '2017-10-03 09:25:35', '2017-10-03 09:25:35'),
(563, 13, 46, 1, '2017-10-03 09:25:35', '2017-10-03 09:25:35'),
(564, 14, 46, 1, '2017-10-03 09:25:35', '2017-10-03 09:25:35'),
(565, 15, 46, 1, '2017-10-03 09:25:35', '2017-10-03 09:25:35'),
(566, 18, 46, 1, '2017-10-03 09:25:36', '2017-10-03 09:25:36'),
(567, 19, 46, 1, '2017-10-03 09:25:36', '2017-10-03 09:25:36'),
(568, 20, 46, 1, '2017-10-03 09:25:36', '2017-10-03 09:25:36'),
(569, 21, 46, 1, '2017-10-03 09:25:36', '2017-10-03 09:25:36'),
(570, 22, 46, 1, '2017-10-03 09:25:36', '2017-10-03 09:25:36'),
(571, 23, 46, 1, '2017-10-03 09:25:36', '2017-10-03 09:25:36'),
(572, 24, 46, 1, '2017-10-03 09:25:36', '2017-10-03 09:25:36'),
(573, 29, 46, 1, '2017-10-03 09:25:36', '2017-10-03 09:25:36'),
(574, 30, 46, 1, '2017-10-03 09:25:36', '2017-10-03 09:25:36'),
(575, 31, 46, 1, '2017-10-03 09:25:36', '2017-10-03 09:25:36'),
(576, 150, 46, 1, '2017-10-03 09:25:47', '2017-10-03 09:25:47'),
(577, 151, 46, 1, '2017-10-03 09:25:47', '2017-10-03 09:25:47'),
(578, 152, 46, 1, '2017-10-03 09:25:47', '2017-10-03 09:25:47'),
(579, 153, 46, 1, '2017-10-03 09:25:47', '2017-10-03 09:25:47'),
(580, 154, 46, 1, '2017-10-03 09:25:47', '2017-10-03 09:25:47'),
(581, 1, 46, 1, '2017-10-03 09:25:47', '2017-10-03 09:25:47'),
(582, 2, 46, 1, '2017-10-03 09:25:47', '2017-10-03 09:25:47'),
(583, 3, 46, 1, '2017-10-03 09:25:47', '2017-10-03 09:25:47'),
(584, 4, 46, 1, '2017-10-03 09:25:47', '2017-10-03 09:25:47'),
(585, 5, 46, 1, '2017-10-03 09:25:47', '2017-10-03 09:25:47'),
(586, 6, 46, 1, '2017-10-03 09:25:47', '2017-10-03 09:25:47'),
(587, 7, 46, 1, '2017-10-03 09:25:47', '2017-10-03 09:25:47'),
(588, 8, 46, 1, '2017-10-03 09:25:47', '2017-10-03 09:25:47'),
(589, 9, 46, 1, '2017-10-03 09:25:47', '2017-10-03 09:25:47'),
(590, 10, 46, 1, '2017-10-03 09:25:47', '2017-10-03 09:25:47'),
(591, 11, 46, 1, '2017-10-03 09:25:47', '2017-10-03 09:25:47'),
(592, 12, 46, 1, '2017-10-03 09:25:47', '2017-10-03 09:25:47'),
(593, 13, 46, 1, '2017-10-03 09:25:47', '2017-10-03 09:25:47'),
(594, 14, 46, 1, '2017-10-03 09:25:47', '2017-10-03 09:25:47'),
(595, 15, 46, 1, '2017-10-03 09:25:48', '2017-10-03 09:25:48'),
(596, 18, 46, 1, '2017-10-03 09:25:48', '2017-10-03 09:25:48'),
(597, 19, 46, 1, '2017-10-03 09:25:48', '2017-10-03 09:25:48'),
(598, 20, 46, 1, '2017-10-03 09:25:48', '2017-10-03 09:25:48'),
(599, 21, 46, 1, '2017-10-03 09:25:48', '2017-10-03 09:25:48'),
(600, 22, 46, 1, '2017-10-03 09:25:48', '2017-10-03 09:25:48'),
(601, 23, 46, 1, '2017-10-03 09:25:48', '2017-10-03 09:25:48'),
(602, 24, 46, 1, '2017-10-03 09:25:48', '2017-10-03 09:25:48'),
(603, 29, 46, 1, '2017-10-03 09:25:48', '2017-10-03 09:25:48'),
(604, 30, 46, 1, '2017-10-03 09:25:48', '2017-10-03 09:25:48'),
(605, 31, 46, 1, '2017-10-03 09:25:48', '2017-10-03 09:25:48'),
(606, 150, 46, 1, '2017-10-03 09:25:58', '2017-10-03 09:25:58'),
(607, 151, 46, 1, '2017-10-03 09:25:58', '2017-10-03 09:25:58'),
(608, 152, 46, 1, '2017-10-03 09:25:58', '2017-10-03 09:25:58'),
(609, 153, 46, 1, '2017-10-03 09:25:58', '2017-10-03 09:25:58'),
(610, 154, 46, 1, '2017-10-03 09:25:58', '2017-10-03 09:25:58'),
(611, 1, 46, 1, '2017-10-03 09:25:59', '2017-10-03 09:25:59'),
(612, 2, 46, 1, '2017-10-03 09:25:59', '2017-10-03 09:25:59'),
(613, 3, 46, 1, '2017-10-03 09:25:59', '2017-10-03 09:25:59'),
(614, 4, 46, 1, '2017-10-03 09:25:59', '2017-10-03 09:25:59'),
(615, 5, 46, 1, '2017-10-03 09:25:59', '2017-10-03 09:25:59'),
(616, 6, 46, 1, '2017-10-03 09:25:59', '2017-10-03 09:25:59'),
(617, 7, 46, 1, '2017-10-03 09:25:59', '2017-10-03 09:25:59'),
(618, 8, 46, 1, '2017-10-03 09:25:59', '2017-10-03 09:25:59'),
(619, 9, 46, 1, '2017-10-03 09:25:59', '2017-10-03 09:25:59'),
(620, 10, 46, 1, '2017-10-03 09:25:59', '2017-10-03 09:25:59'),
(621, 11, 46, 1, '2017-10-03 09:25:59', '2017-10-03 09:25:59'),
(622, 12, 46, 1, '2017-10-03 09:25:59', '2017-10-03 09:25:59'),
(623, 13, 46, 1, '2017-10-03 09:25:59', '2017-10-03 09:25:59'),
(624, 14, 46, 1, '2017-10-03 09:25:59', '2017-10-03 09:25:59'),
(625, 15, 46, 1, '2017-10-03 09:25:59', '2017-10-03 09:25:59'),
(626, 18, 46, 1, '2017-10-03 09:25:59', '2017-10-03 09:25:59'),
(627, 19, 46, 1, '2017-10-03 09:25:59', '2017-10-03 09:25:59'),
(628, 20, 46, 1, '2017-10-03 09:25:59', '2017-10-03 09:25:59'),
(629, 21, 46, 1, '2017-10-03 09:25:59', '2017-10-03 09:25:59'),
(630, 22, 46, 1, '2017-10-03 09:25:59', '2017-10-03 09:25:59'),
(631, 23, 46, 1, '2017-10-03 09:25:59', '2017-10-03 09:25:59'),
(632, 24, 46, 1, '2017-10-03 09:25:59', '2017-10-03 09:25:59'),
(633, 29, 46, 1, '2017-10-03 09:25:59', '2017-10-03 09:25:59'),
(634, 30, 46, 1, '2017-10-03 09:25:59', '2017-10-03 09:25:59'),
(635, 31, 46, 1, '2017-10-03 09:25:59', '2017-10-03 09:25:59'),
(636, 150, 48, 1, '2017-10-04 17:46:11', '2017-10-04 17:46:11'),
(637, 151, 48, 1, '2017-10-04 17:46:11', '2017-10-04 17:46:11'),
(638, 152, 48, 1, '2017-10-04 17:46:11', '2017-10-04 17:46:11'),
(639, 1, 48, 1, '2017-10-04 17:46:11', '2017-10-04 17:46:11'),
(640, 2, 48, 1, '2017-10-04 17:46:11', '2017-10-04 17:46:11'),
(641, 3, 48, 1, '2017-10-04 17:46:11', '2017-10-04 17:46:11'),
(642, 29, 48, 1, '2017-10-04 17:46:11', '2017-10-04 17:46:11'),
(643, 30, 48, 1, '2017-10-04 17:46:11', '2017-10-04 17:46:11'),
(644, 31, 48, 1, '2017-10-04 17:46:11', '2017-10-04 17:46:11'),
(645, 34, 48, 1, '2017-10-04 17:46:11', '2017-10-04 17:46:11'),
(646, 33, 48, 1, '2017-10-04 17:46:11', '2017-10-04 17:46:11'),
(647, 32, 48, 1, '2017-10-04 17:46:11', '2017-10-04 17:46:11'),
(648, 149, 48, 1, '2017-10-04 17:46:11', '2017-10-04 17:46:11'),
(649, 148, 48, 1, '2017-10-04 17:46:11', '2017-10-04 17:46:11'),
(650, 147, 48, 1, '2017-10-04 17:46:12', '2017-10-04 17:46:12'),
(651, 146, 48, 1, '2017-10-04 17:46:12', '2017-10-04 17:46:12'),
(652, 145, 48, 1, '2017-10-04 17:46:12', '2017-10-04 17:46:12'),
(653, 118, 48, 1, '2017-10-04 17:46:12', '2017-10-04 17:46:12'),
(654, 117, 48, 1, '2017-10-04 17:46:12', '2017-10-04 17:46:12'),
(655, 116, 48, 1, '2017-10-04 17:46:12', '2017-10-04 17:46:12'),
(656, 150, 48, 1, '2017-10-04 17:50:08', '2017-10-04 17:50:08'),
(657, 151, 48, 1, '2017-10-04 17:50:08', '2017-10-04 17:50:08'),
(658, 152, 48, 1, '2017-10-04 17:50:08', '2017-10-04 17:50:08'),
(659, 1, 48, 1, '2017-10-04 17:50:08', '2017-10-04 17:50:08'),
(660, 2, 48, 1, '2017-10-04 17:50:08', '2017-10-04 17:50:08'),
(661, 3, 48, 1, '2017-10-04 17:50:08', '2017-10-04 17:50:08'),
(662, 29, 48, 1, '2017-10-04 17:50:08', '2017-10-04 17:50:08'),
(663, 30, 48, 1, '2017-10-04 17:50:08', '2017-10-04 17:50:08'),
(664, 31, 48, 1, '2017-10-04 17:50:08', '2017-10-04 17:50:08'),
(665, 34, 48, 1, '2017-10-04 17:50:08', '2017-10-04 17:50:08'),
(666, 33, 48, 1, '2017-10-04 17:50:08', '2017-10-04 17:50:08'),
(667, 32, 48, 1, '2017-10-04 17:50:08', '2017-10-04 17:50:08'),
(668, 149, 48, 1, '2017-10-04 17:50:08', '2017-10-04 17:50:08'),
(669, 148, 48, 1, '2017-10-04 17:50:08', '2017-10-04 17:50:08'),
(670, 147, 48, 1, '2017-10-04 17:50:08', '2017-10-04 17:50:08'),
(671, 146, 48, 1, '2017-10-04 17:50:08', '2017-10-04 17:50:08'),
(672, 145, 48, 1, '2017-10-04 17:50:09', '2017-10-04 17:50:09'),
(673, 118, 48, 1, '2017-10-04 17:50:09', '2017-10-04 17:50:09'),
(674, 117, 48, 1, '2017-10-04 17:50:09', '2017-10-04 17:50:09'),
(675, 116, 48, 1, '2017-10-04 17:50:09', '2017-10-04 17:50:09'),
(676, 150, 48, 1, '2017-10-04 17:54:57', '2017-10-04 17:54:57'),
(677, 151, 48, 1, '2017-10-04 17:54:57', '2017-10-04 17:54:57'),
(678, 152, 48, 1, '2017-10-04 17:54:57', '2017-10-04 17:54:57'),
(679, 1, 48, 1, '2017-10-04 17:54:57', '2017-10-04 17:54:57'),
(680, 2, 48, 1, '2017-10-04 17:54:57', '2017-10-04 17:54:57'),
(681, 3, 48, 1, '2017-10-04 17:54:57', '2017-10-04 17:54:57'),
(682, 29, 48, 1, '2017-10-04 17:54:57', '2017-10-04 17:54:57'),
(683, 30, 48, 1, '2017-10-04 17:54:57', '2017-10-04 17:54:57'),
(684, 31, 48, 1, '2017-10-04 17:54:58', '2017-10-04 17:54:58'),
(685, 34, 48, 1, '2017-10-04 17:54:58', '2017-10-04 17:54:58'),
(686, 33, 48, 1, '2017-10-04 17:54:58', '2017-10-04 17:54:58'),
(687, 32, 48, 1, '2017-10-04 17:54:58', '2017-10-04 17:54:58'),
(688, 149, 48, 1, '2017-10-04 17:54:58', '2017-10-04 17:54:58'),
(689, 148, 48, 1, '2017-10-04 17:54:58', '2017-10-04 17:54:58'),
(690, 147, 48, 1, '2017-10-04 17:54:58', '2017-10-04 17:54:58'),
(691, 146, 48, 1, '2017-10-04 17:54:58', '2017-10-04 17:54:58'),
(692, 145, 48, 1, '2017-10-04 17:54:58', '2017-10-04 17:54:58'),
(693, 118, 48, 1, '2017-10-04 17:54:58', '2017-10-04 17:54:58'),
(694, 117, 48, 1, '2017-10-04 17:54:58', '2017-10-04 17:54:58'),
(695, 116, 48, 1, '2017-10-04 17:54:58', '2017-10-04 17:54:58'),
(696, 150, 48, 1, '2017-10-04 17:57:39', '2017-10-04 17:57:39'),
(697, 151, 48, 1, '2017-10-04 17:57:39', '2017-10-04 17:57:39'),
(698, 152, 48, 1, '2017-10-04 17:57:39', '2017-10-04 17:57:39'),
(699, 1, 48, 1, '2017-10-04 17:57:39', '2017-10-04 17:57:39'),
(700, 2, 48, 1, '2017-10-04 17:57:39', '2017-10-04 17:57:39'),
(701, 3, 48, 1, '2017-10-04 17:57:39', '2017-10-04 17:57:39'),
(702, 29, 48, 1, '2017-10-04 17:57:39', '2017-10-04 17:57:39'),
(703, 30, 48, 1, '2017-10-04 17:57:39', '2017-10-04 17:57:39'),
(704, 31, 48, 1, '2017-10-04 17:57:39', '2017-10-04 17:57:39'),
(705, 34, 48, 1, '2017-10-04 17:57:39', '2017-10-04 17:57:39'),
(706, 33, 48, 1, '2017-10-04 17:57:39', '2017-10-04 17:57:39'),
(707, 32, 48, 1, '2017-10-04 17:57:39', '2017-10-04 17:57:39'),
(708, 149, 48, 1, '2017-10-04 17:57:39', '2017-10-04 17:57:39'),
(709, 148, 48, 1, '2017-10-04 17:57:39', '2017-10-04 17:57:39'),
(710, 147, 48, 1, '2017-10-04 17:57:39', '2017-10-04 17:57:39'),
(711, 146, 48, 1, '2017-10-04 17:57:39', '2017-10-04 17:57:39'),
(712, 145, 48, 1, '2017-10-04 17:57:39', '2017-10-04 17:57:39'),
(713, 118, 48, 1, '2017-10-04 17:57:39', '2017-10-04 17:57:39'),
(714, 117, 48, 1, '2017-10-04 17:57:39', '2017-10-04 17:57:39'),
(715, 116, 48, 1, '2017-10-04 17:57:39', '2017-10-04 17:57:39');

-- --------------------------------------------------------

--
-- Table structure for table `matieres`
--

CREATE TABLE `matieres` (
  `id` int(10) UNSIGNED NOT NULL,
  `nom` varchar(50) COLLATE utf8mb4_unicode_ci NOT NULL,
  `created_at` timestamp NULL DEFAULT NULL,
  `updated_at` timestamp NULL DEFAULT NULL
) ENGINE=InnoDB DEFAULT CHARSET=utf8mb4 COLLATE=utf8mb4_unicode_ci;

--
-- Dumping data for table `matieres`
--

INSERT INTO `matieres` (`id`, `nom`, `created_at`, `updated_at`) VALUES
(1, 'العربية', '2017-08-30 08:47:28', '2017-08-30 08:47:28'),
(6, 'الرياضيات', '2017-08-30 08:49:08', '2017-08-30 08:49:08'),
(8, 'النشاط العلمي', '2017-08-30 08:49:09', '2017-08-30 08:49:09'),
(12, 'التربية التشكلية', '2017-08-30 08:49:09', '2017-08-30 08:49:09'),
(14, 'الأمازيغية', '2017-08-30 08:49:09', '2017-08-30 08:49:09'),
(22, 'التربية الاسلامية', '2017-08-30 08:49:09', '2017-08-30 08:49:09'),
(29, 'الفرنسية', '2017-08-30 08:49:10', '2017-08-30 08:49:10'),
(86, 'الإجتماعيات', '2017-08-30 08:49:12', '2017-08-30 08:49:12'),
(174, 'محفظة 1', '2017-08-30 08:49:15', '2017-08-30 08:49:15'),
(175, 'دفتر 48', '2017-08-30 08:49:15', '2017-08-30 08:49:15'),
(176, 'دفتر 100', '2017-08-30 08:49:15', '2017-08-30 08:49:15'),
(177, 'قلم', '2017-08-30 08:49:15', '2017-08-30 08:49:15'),
(178, 'غلاف', '2017-08-30 08:49:15', '2017-08-30 08:49:15'),
(179, '-', NULL, NULL);

-- --------------------------------------------------------

--
-- Table structure for table `migrations`
--

CREATE TABLE `migrations` (
  `id` int(10) UNSIGNED NOT NULL,
  `migration` varchar(255) COLLATE utf8mb4_unicode_ci NOT NULL,
  `batch` int(11) NOT NULL
) ENGINE=InnoDB DEFAULT CHARSET=utf8mb4 COLLATE=utf8mb4_unicode_ci;

--
-- Dumping data for table `migrations`
--

INSERT INTO `migrations` (`id`, `migration`, `batch`) VALUES
(1, '2017_08_29_155241_create_etablissements_table', 1),
(2, '2017_08_29_170412_create_ouvrages_table', 2),
(3, '2017_08_29_171915_create_cercles_table', 2),
(4, '2017_08_29_171928_create_communes_table', 2),
(5, '2017_08_29_171949_create_annexes_table', 2),
(6, '2017_08_29_172004_create_marches_table', 2),
(7, '2017_08_29_172628_create_matiers_table', 3),
(8, '2017_08_30_230538_create_commandes_table', 4),
(9, '2017_08_31_165347_create_utilisateurs_table', 4),
(10, '2017_09_03_205254_create_lignes_commandes_table', 5);

-- --------------------------------------------------------

--
-- Table structure for table `ouvrages`
--

CREATE TABLE `ouvrages` (
  `id` int(10) UNSIGNED NOT NULL,
  `niveauScolaire` varchar(255) COLLATE utf8mb4_unicode_ci NOT NULL,
  `niveau` int(11) NOT NULL,
  `code` varchar(20) COLLATE utf8mb4_unicode_ci NOT NULL,
  `idMatiere` int(11) UNSIGNED NOT NULL,
  `designation` varchar(255) COLLATE utf8mb4_unicode_ci NOT NULL,
  `unite` varchar(255) COLLATE utf8mb4_unicode_ci NOT NULL,
  `prix` float NOT NULL,
  `tva` decimal(10,3) NOT NULL DEFAULT '0.000',
  `created_at` timestamp NULL DEFAULT NULL,
  `updated_at` timestamp NULL DEFAULT NULL
) ENGINE=InnoDB DEFAULT CHARSET=utf8mb4 COLLATE=utf8mb4_unicode_ci;

--
-- Dumping data for table `ouvrages`
--

INSERT INTO `ouvrages` (`id`, `niveauScolaire`, `niveau`, `code`, `idMatiere`, `designation`, `unite`, `prix`, `tva`, `created_at`, `updated_at`) VALUES
(1, 'primaire', 1, 'A2', 1, 'Manuel langue Arabe ( كتابي في اللغة العربية)', '1', 8.5, '0.000', '2017-08-30 09:32:53', '2017-08-30 09:32:53'),
(2, 'primaire', 1, 'A3', 6, 'Manuel de mathematique (فضاء الرياضيات)', '1', 8.5, '0.000', '2017-08-30 09:32:54', '2017-08-30 09:32:54'),
(3, 'primaire', 1, 'A4', 6, 'Manuel de mathematique (المفيد في الرياضيات)', '1', 8.5, '0.000', '2017-08-30 09:32:54', '2017-08-30 09:32:54'),
(4, 'primaire', 1, 'A5', 8, 'Manuel d\'Activité scientifique (فضاء  النشاط العلمي)', '1', 8.5, '0.000', '2017-08-30 09:32:54', '2017-08-30 09:32:54'),
(5, 'primaire', 1, 'A6', 8, 'Manuel d\'Activité scientifique (الاساسي في النشاط العلمي)', '1', 8.5, '0.000', '2017-08-30 09:32:54', '2017-08-30 09:32:54'),
(6, 'primaire', 1, 'A7', 8, 'Manuel d\'Activité scientifique (الواضح في النشاط العلمي)', '1', 8.5, '0.000', '2017-08-30 09:32:54', '2017-08-30 09:32:54'),
(7, 'primaire', 1, 'A8', 8, 'Manuel d\'Activité scientifique (الجديد في النشاط العلمي)', '1', 8.5, '0.000', '2017-08-30 09:32:54', '2017-08-30 09:32:54'),
(8, 'primaire', 1, 'A9', 12, 'Manuel d\'Education fine (عالم التربية التشكيلية)', '1', 8.5, '0.000', '2017-08-30 09:32:54', '2017-08-30 09:32:54'),
(9, 'primaire', 1, 'A10', 12, 'Manuel d\'Education fine (التربية الفنية و التفتح)', '1', 8.5, '0.000', '2017-08-30 09:32:54', '2017-08-30 09:32:54'),
(10, 'primaire', 1, 'A11', 14, 'Manuel langue Amazigh (الممتاز في اللغة الامازيغية)', '1', 8.5, '0.000', '2017-08-30 09:32:54', '2017-08-30 09:32:54'),
(11, 'primaire', 1, 'A12', 14, 'Manuel langue Amazigh طريق النجاح في اللغة الامازيغية)', '1', 8.5, '0.000', '2017-08-30 09:32:54', '2017-08-30 09:32:54'),
(12, 'primaire', 1, 'A13', 14, 'اللغة الأمازيغية (أغليس أنفو)', '1', 8.5, '0.000', '2017-08-30 09:32:54', '2017-08-30 09:32:54'),
(13, 'primaire', 1, 'A14', 14, 'تمازيغت إينو', '1', 8.5, '0.000', '2017-08-30 09:32:54', '2017-08-30 09:32:54'),
(14, 'primaire', 1, 'A15', 12, 'Manuel d\'Education fine (المفيد في التربية التشكيلية)', '1', 8.5, '0.000', '2017-08-30 09:32:54', '2017-08-30 09:32:54'),
(15, 'primaire', 1, 'A16', 14, 'كتابي في الأمازيغية', '1', 8.5, '0.000', '2017-08-30 09:32:54', '2017-08-30 09:32:54'),
(16, 'primaire', 1, 'A17', 14, 'الأمة اللغة الأمازيغية', '1', 8.5, '0.000', '2017-08-30 09:32:54', '2017-08-30 09:32:54'),
(17, 'primaire', 1, 'A18', 14, 'اللغة الأمازيغية تيفاوين', '1', 8.5, '0.000', '2017-08-30 09:32:54', '2017-08-30 09:32:54'),
(18, 'primaire', 2, 'B1', 22, 'Manuel de l\'éducation Islamique(مرشدي في التربية الاسلامية)', '1', 8.5, '0.000', '2017-08-30 09:32:54', '2017-08-30 09:32:54'),
(19, 'primaire', 2, 'B2', 22, 'Manuel de l\'éducation Islamique(الممتاز في التربية الاسلامية)', '1', 8.5, '0.000', '2017-08-30 09:32:55', '2017-08-30 09:32:55'),
(20, 'primaire', 2, 'B3', 22, 'Manuel de l\'éducation Islamique(في رحاب التربية الاسلامية)', '1', 8.5, '0.000', '2017-08-30 09:32:55', '2017-08-30 09:32:55'),
(21, 'primaire', 2, 'B4', 1, 'Manuel langue Arabe ( مرشدي في اللغة العربية)', '1', 8.5, '0.000', '2017-08-30 09:32:55', '2017-08-30 09:32:55'),
(22, 'primaire', 2, 'B5', 1, 'Manuel langue Arabe ( كتابي في اللغة العربية)', '1', 8.5, '0.000', '2017-08-30 09:32:55', '2017-08-30 09:32:55'),
(23, 'primaire', 2, 'B6', 1, 'Manuel langue Arabe (  في رحاب اللغة العربية)', '1', 8.5, '0.000', '2017-08-30 09:32:55', '2017-08-30 09:32:55'),
(24, 'primaire', 2, 'B7', 6, 'Manuel de mathematique (الفضاء في الرياضيات)', '1', 8.5, '0.000', '2017-08-30 09:32:55', '2017-08-30 09:32:55'),
(25, 'primaire', 2, 'B14', 8, 'Manuel d\'Activité scientifique (المختار في النشاط العلمي)', '1', 8.5, '0.000', '2017-08-30 09:32:55', '2017-08-30 09:32:55'),
(26, 'primaire', 2, 'B15', 8, 'Manuel d\'Activité scientifique (المفيد في النشاط العلمي)', '1', 8.5, '0.000', '2017-08-30 09:32:55', '2017-08-30 09:32:55'),
(27, 'primaire', 2, 'B16', 12, 'Manuel d\'Education fine (المختار في التربية التشكيلية)', '1', 8.5, '0.000', '2017-08-30 09:32:55', '2017-08-30 09:32:55'),
(28, 'primaire', 2, 'B17', 12, 'Manuel d\'Education fine (المنير في التربية التشكيلية)', '1', 8.5, '0.000', '2017-08-30 09:32:55', '2017-08-30 09:32:55'),
(29, 'primaire', 2, 'B18', 14, 'Manuel langue Amazigh  (اللغة الامازيغية)', '1', 8.5, '0.000', '2017-08-30 09:32:55', '2017-08-30 09:32:55'),
(30, 'primaire', 2, 'B19', 14, 'Manuel langue Amazigh  (الممتاز في اللغة الامازيغية)', '1', 8.5, '0.000', '2017-08-30 09:32:55', '2017-08-30 09:32:55'),
(31, 'primaire', 2, 'B20', 29, 'CHEMIN DES LETTRES', '1', 8.5, '0.000', '2017-08-30 09:32:55', '2017-08-30 09:32:55'),
(32, 'primaire', 2, 'B21', 14, 'اللغة الأمازيغية تيفاوين', '1', 8.5, '0.000', '2017-08-30 09:32:55', '2017-08-30 09:32:55'),
(33, 'primaire', 2, 'B22', 14, 'المفيد في التربية التشكيلية ', '1', 8.5, '0.000', '2017-08-30 09:32:55', '2017-08-30 09:32:55'),
(34, 'primaire', 2, 'B23', 14, 'طريق الامازيغية', '1', 8.5, '0.000', '2017-08-30 09:32:55', '2017-08-30 09:32:55'),
(35, 'primaire', 2, 'B24', 14, 'طريق النجاح الامازيغية', '1', 8.5, '0.000', '2017-08-30 09:32:55', '2017-08-30 09:32:55'),
(36, 'primaire', 2, 'B25', 14, 'الأمة اللغة الأمازيغية', '1', 8.5, '0.000', '2017-08-30 09:32:55', '2017-08-30 09:32:55'),
(37, 'primaire', 2, 'B26', 8, 'المعين في النشاط العلمي', '1', 8.5, '0.000', '2017-08-30 09:32:55', '2017-08-30 09:32:55'),
(38, 'primaire', 2, 'B27', 12, 'عالم التربية التشكيلية', '1', 8.5, '0.000', '2017-08-30 09:32:55', '2017-08-30 09:32:55'),
(39, 'primaire', 2, 'B28', 12, 'الممتاز في التربية التشكيلية Manuel d\'Education fine', '1', 8.5, '0.000', '2017-08-30 09:32:56', '2017-08-30 09:32:56'),
(40, 'primaire', 2, 'B29', 22, 'المختار في التربية الإسلامية', '1', 8.5, '0.000', '2017-08-30 09:32:56', '2017-08-30 09:32:56'),
(41, 'primaire', 2, 'B30', 12, 'المفيد في التربية التشكيلية', '1', 8.5, '0.000', '2017-08-30 09:32:56', '2017-08-30 09:32:56'),
(42, 'primaire', 3, 'C1', 22, 'Manuel de l\'éducation Islamique (المنير في التربية الاسلامية)', '1', 8.5, '0.000', '2017-08-30 09:32:56', '2017-08-30 09:32:56'),
(43, 'primaire', 3, 'C2', 22, 'Manuel de l\'éducation Islamique (الممتاز في التربية الاسلامية)', '1', 8.5, '0.000', '2017-08-30 09:32:56', '2017-08-30 09:32:56'),
(44, 'primaire', 3, 'C3', 22, 'Manuel de l\'éducation Islamique (النجاح في التربية الاسلامية)', '1', 8.5, '0.000', '2017-08-30 09:32:56', '2017-08-30 09:32:56'),
(45, 'primaire', 3, 'C4', 1, 'Manuel langue Arabe (المفيد في اللغة العربية)', '1', 8.5, '0.000', '2017-08-30 09:32:56', '2017-08-30 09:32:56'),
(46, 'primaire', 3, 'C5', 1, 'Manuel langue Arabe (مرشدي في اللغة العربية)', '1', 8.5, '0.000', '2017-08-30 09:32:56', '2017-08-30 09:32:56'),
(47, 'primaire', 3, 'C8', 6, 'Manuel de mathematique (فضاء الرياضيات)', '1', 8.5, '0.000', '2017-08-30 09:32:56', '2017-08-30 09:32:56'),
(48, 'primaire', 3, 'C9', 6, 'Manuel de mathematique (المرجع في الرياضيات)', '1', 8.5, '0.000', '2017-08-30 09:32:56', '2017-08-30 09:32:56'),
(49, 'primaire', 3, 'C10', 8, ' Manuel d\'Activité scientifique (الواضح في النشاط العلمي) ', '1', 8.5, '0.000', '2017-08-30 09:32:56', '2017-08-30 09:32:56'),
(50, 'primaire', 3, 'C11', 8, ' Manuel d\'Activité scientifique (منهل  النشاط العلمي) ', '1', 8.5, '0.000', '2017-08-30 09:32:56', '2017-08-30 09:32:56'),
(51, 'primaire', 3, 'C12', 12, 'Manuel d\'Education fine (المفيد في التربية التشكيلية)', '1', 8.5, '0.000', '2017-08-30 09:32:56', '2017-08-30 09:32:56'),
(52, 'primaire', 3, 'C13', 12, 'Manuel d\'Education fine (الاساسي في التربية التشكيلية)', '1', 8.5, '0.000', '2017-08-30 09:32:56', '2017-08-30 09:32:56'),
(53, 'primaire', 3, 'C14', 14, 'Manuel langue Amazigh  (اللغة الامازيغية)', '1', 8.5, '0.000', '2017-08-30 09:32:56', '2017-08-30 09:32:56'),
(54, 'primaire', 3, 'C15', 8, 'فضاء النشاط العلمي', '1', 8.5, '0.000', '2017-08-30 09:32:56', '2017-08-30 09:32:56'),
(55, 'primaire', 3, 'C16', 14, 'تيفاوين اتمازيغت', '1', 8.5, '0.000', '2017-08-30 09:32:56', '2017-08-30 09:32:56'),
(56, 'primaire', 3, 'C17', 14, 'تيفاوين', '1', 8.5, '0.000', '2017-08-30 09:32:56', '2017-08-30 09:32:56'),
(57, 'primaire', 3, 'C18', 14, 'طريق الامازيغية', '1', 8.5, '0.000', '2017-08-30 09:32:56', '2017-08-30 09:32:56'),
(58, 'primaire', 3, 'C19', 14, 'طريق النجاح الامازيغية', '1', 8.5, '0.000', '2017-08-30 09:32:56', '2017-08-30 09:32:56'),
(59, 'primaire', 3, 'C20', 22, 'المفيد في التربية الإسلامية', '1', 8.5, '0.000', '2017-08-30 09:32:57', '2017-08-30 09:32:57'),
(60, 'primaire', 3, 'C21', 12, 'Manuel d\'Education fine (المنير في التربية التشكيلية)', '1', 8.5, '0.000', '2017-08-30 09:32:57', '2017-08-30 09:32:57'),
(61, 'primaire', 3, 'C22', 8, ' Manuel d\'Activité scientifique (المختار في النشاط العلمي) ', '1', 8.5, '0.000', '2017-08-30 09:32:57', '2017-08-30 09:32:57'),
(62, 'primaire', 3, 'C24', 22, 'في رحاب التربية الاسلاميةManuel de l\'éducation Islamique', '1', 8.5, '0.000', '2017-08-30 09:32:57', '2017-08-30 09:32:57'),
(63, 'primaire', 3, 'C25', 12, 'في رحاب التربية التشكيلية', '1', 8.5, '0.000', '2017-08-30 09:32:57', '2017-08-30 09:32:57'),
(64, 'primaire', 3, 'C26', 1, 'الواضح في اللغة العربية', '1', 8.5, '0.000', '2017-08-30 09:32:57', '2017-08-30 09:32:57'),
(65, 'primaire', 4, 'D1', 22, 'Manuel de l\'éducation Islamique(واحة التربية الاسلامية) ', '1', 8.5, '0.000', '2017-08-30 09:32:57', '2017-08-30 09:32:57'),
(66, 'primaire', 4, 'D2', 22, 'Manuel de l\'éducation Islamique(المفيد في التربية الاسلامية) ', '1', 8.5, '0.000', '2017-08-30 09:32:57', '2017-08-30 09:32:57'),
(67, 'primaire', 4, 'D3', 22, 'Manuel de l\'éducation Islamique(المنير في التربية الاسلامية) ', '1', 8.5, '0.000', '2017-08-30 09:32:57', '2017-08-30 09:32:57'),
(68, 'primaire', 4, 'D4', 1, 'Manuel langue Arabe (المفيد في اللغة العربية)', '1', 8.5, '0.000', '2017-08-30 09:32:57', '2017-08-30 09:32:57'),
(69, 'primaire', 4, 'D5', 1, 'Manuel langue Arabe (واحة الكلمات )', '1', 8.5, '0.000', '2017-08-30 09:32:57', '2017-08-30 09:32:57'),
(70, 'primaire', 4, 'D6', 1, 'Manuel langue Arabe (المنيرفي اللغة العربية)', '1', 8.5, '0.000', '2017-08-30 09:32:57', '2017-08-30 09:32:57'),
(71, 'primaire', 4, 'D7', 1, 'Manuel langue Arabe (الواضح في اللغة العربية)', '1', 8.5, '0.000', '2017-08-30 09:32:57', '2017-08-30 09:32:57'),
(72, 'primaire', 4, 'D8', 1, 'Manuel langue Arabe (الجديد في اللغة العربية)', '1', 8.5, '0.000', '2017-08-30 09:32:57', '2017-08-30 09:32:57'),
(73, 'primaire', 4, 'D9', 86, 'Manuel histoire geographie(الجديد في الاجتماعيات)', '1', 8.5, '0.000', '2017-08-30 09:32:57', '2017-08-30 09:32:57'),
(74, 'primaire', 4, 'D10', 86, ' Manuel histoire geographie(في رحاب الاجتماعيات)', '1', 8.5, '0.000', '2017-08-30 09:32:57', '2017-08-30 09:32:57'),
(75, 'primaire', 4, 'D16', 6, 'المفيد في الرياضيات Manuel de mathematique', '1', 8.5, '0.000', '2017-08-30 09:32:57', '2017-08-30 09:32:57'),
(76, 'primaire', 4, 'D17', 8, 'المنير  في النشاط العلمي  Manuel d\'Activité scientifique', '1', 8.5, '0.000', '2017-08-30 09:32:57', '2017-08-30 09:32:57'),
(77, 'primaire', 4, 'D18', 8, 'المفيد في النشاط العلمي  Manuel d\'Activité scientifique', '1', 8.5, '0.000', '2017-08-30 09:32:57', '2017-08-30 09:32:57'),
(78, 'primaire', 4, 'D19', 8, 'المرشد في النشاط العلمي  Manuel d\'Activité scientifique', '1', 8.5, '0.000', '2017-08-30 09:32:57', '2017-08-30 09:32:57'),
(79, 'primaire', 4, 'D20', 8, 'فضاء النشاط العلمي  Manuel d\'Activité scientifique', '1', 8.5, '0.000', '2017-08-30 09:32:57', '2017-08-30 09:32:57'),
(80, 'primaire', 4, 'D21', 12, 'المفيد في التربية التشكيلية   Manuel d\'Education fine', '1', 8.5, '0.000', '2017-08-30 09:32:57', '2017-08-30 09:32:57'),
(81, 'primaire', 4, 'D22', 14, 'Manuel langue Amazigh  (اللغة الامازيغية)', '1', 8.5, '0.000', '2017-08-30 09:32:57', '2017-08-30 09:32:57'),
(82, 'primaire', 4, 'D23', 14, 'طريق النجاح في الأمازيغية', '1', 8.5, '0.000', '2017-08-30 09:32:57', '2017-08-30 09:32:57'),
(83, 'primaire', 4, 'D24', 6, 'الجيد في الرياضيات ', '1', 8.5, '0.000', '2017-08-30 09:32:57', '2017-08-30 09:32:57'),
(84, 'primaire', 4, 'D25', 12, 'المفيد في التربية التشكيلية', '1', 8.5, '0.000', '2017-08-30 09:32:58', '2017-08-30 09:32:58'),
(85, 'primaire', 4, 'D26', 14, 'تيفاوين ', '1', 8.5, '0.000', '2017-08-30 09:32:58', '2017-08-30 09:32:58'),
(86, 'primaire', 4, 'D27', 8, 'المفيد في النشاط العلمي', '1', 8.5, '0.000', '2017-08-30 09:32:58', '2017-08-30 09:32:58'),
(87, 'primaire', 4, 'D28', 14, 'طريق الامازيغية', '1', 8.5, '0.000', '2017-08-30 09:32:58', '2017-08-30 09:32:58'),
(88, 'primaire', 4, 'D29', 8, 'الواضح في النشاط العلمي  Manuel d\'Activité scientifique', '1', 8.5, '0.000', '2017-08-30 09:32:58', '2017-08-30 09:32:58'),
(89, 'primaire', 4, 'D30', 6, 'الفضاء في الرياضيات', '1', 8.5, '0.000', '2017-08-30 09:32:58', '2017-08-30 09:32:58'),
(90, 'primaire', 4, 'D31', 29, 'CHEMIN DES LETTRES', '1', 8.5, '0.000', '2017-08-30 09:32:58', '2017-08-30 09:32:58'),
(91, 'primaire', 4, 'D32', 22, 'الواضح في التربية الإسلامية', '1', 8.5, '0.000', '2017-08-30 09:32:58', '2017-08-30 09:32:58'),
(92, 'primaire', 4, 'D33', 1, 'Manuel langue Arabe (المرشدي في اللغة العربية)', '1', 8.5, '0.000', '2017-08-30 09:32:58', '2017-08-30 09:32:58'),
(93, 'primaire', 4, 'D34', 1, 'واحة اللغة العربية', '1', 8.5, '0.000', '2017-08-30 09:32:58', '2017-08-30 09:32:58'),
(94, 'primaire', 4, 'D35', 6, 'الجديد في الرياصيات Manuel de mathematique', '1', 8.5, '0.000', '2017-08-30 09:32:58', '2017-08-30 09:32:58'),
(95, 'primaire', 4, 'D36', 22, 'في رحاب التربية الاسلاميةManuel de l\'éducation Islamique', '1', 8.5, '0.000', '2017-08-30 09:32:58', '2017-08-30 09:32:58'),
(96, 'primaire', 5, 'E1', 22, 'Manuel de l\'éducation Islamique (منار التربية الاسلامية)', '1', 8.5, '0.000', '2017-08-30 09:32:58', '2017-08-30 09:32:58'),
(97, 'primaire', 5, 'E2', 22, 'Manuel de l\'éducation Islamique (الممتاز في التربية الاسلامية)', '1', 8.5, '0.000', '2017-08-30 09:32:58', '2017-08-30 09:32:58'),
(98, 'primaire', 5, 'E3', 22, 'Manuel de l\'éducation Islamique (في رحاب التربية الاسلامية)', '1', 8.5, '0.000', '2017-08-30 09:32:58', '2017-08-30 09:32:58'),
(99, 'primaire', 5, 'E4', 1, 'مرشدي في اللغة العربية Manuel langue Arabe', '1', 8.5, '0.000', '2017-08-30 09:32:58', '2017-08-30 09:32:58'),
(100, 'primaire', 5, 'E5', 1, 'المنير في اللغة العربية Manuel langue Arabe', '1', 8.5, '0.000', '2017-08-30 09:32:58', '2017-08-30 09:32:58'),
(101, 'primaire', 5, 'E8', 86, 'الجديد في  الاجتماعيات    Manuel histoire geographie   ', '1', 8.5, '0.000', '2017-08-30 09:32:58', '2017-08-30 09:32:58'),
(102, 'primaire', 5, 'E9', 86, 'المفيد في  الاجتماعيات    Manuel histoire geographie ', '1', 8.5, '0.000', '2017-08-30 09:32:58', '2017-08-30 09:32:58'),
(103, 'primaire', 5, 'E10', 6, 'المفيد في الرياضيات Manuel de mathematique', '1', 8.5, '0.000', '2017-08-30 09:32:58', '2017-08-30 09:32:58'),
(104, 'primaire', 5, 'E11', 6, 'النجاح في الرياضيات Manuel de mathematique', '1', 8.5, '0.000', '2017-08-30 09:32:58', '2017-08-30 09:32:58'),
(105, 'primaire', 5, 'E12', 8, 'المنير في النشاط العلمي  Manuel d\'Activité scientifique', '1', 8.5, '0.000', '2017-08-30 09:32:58', '2017-08-30 09:32:58'),
(106, 'primaire', 5, 'E13', 8, 'منهل في النشاط العلمي  Manuel d\'Activité scientifique', '1', 8.5, '0.000', '2017-08-30 09:32:58', '2017-08-30 09:32:58'),
(107, 'primaire', 5, 'E14', 8, 'الواضح في النشاط العلمي  Manuel d\'Activité scientifique', '1', 8.5, '0.000', '2017-08-30 09:32:58', '2017-08-30 09:32:58'),
(108, 'primaire', 5, 'E15', 12, 'المنير في التربية التشكيلية  Manuel d\'Education fine', '1', 8.5, '0.000', '2017-08-30 09:32:58', '2017-08-30 09:32:58'),
(109, 'primaire', 5, 'E16', 12, 'الجديد في التربية التشكيلية  Manuel d\'Education fine', '1', 8.5, '0.000', '2017-08-30 09:32:58', '2017-08-30 09:32:58'),
(110, 'primaire', 5, 'E17', 14, 'Manuel langue Amazigh  (اللغة الامازيغية)', '1', 8.5, '0.000', '2017-08-30 09:32:58', '2017-08-30 09:32:58'),
(111, 'primaire', 5, 'E18', 14, 'طريق النجاح في الأمازيغية', '1', 8.5, '0.000', '2017-08-30 09:32:59', '2017-08-30 09:32:59'),
(112, 'primaire', 5, 'E19', 14, 'تيفاوين', '1', 8.5, '0.000', '2017-08-30 09:32:59', '2017-08-30 09:32:59'),
(113, 'primaire', 5, 'E20', 86, 'في رحاب الإجتماعيات', '1', 8.5, '0.000', '2017-08-30 09:32:59', '2017-08-30 09:32:59'),
(114, 'primaire', 5, 'E21', 14, 'طريق الامازيغية', '1', 8.5, '0.000', '2017-08-30 09:32:59', '2017-08-30 09:32:59'),
(115, 'primaire', 5, 'E22', 12, 'الأساسي في التربية التشكيلية', '1', 8.5, '0.000', '2017-08-30 09:32:59', '2017-08-30 09:32:59'),
(116, 'primaire', 5, 'E23', 6, 'الفضاء في الرياضيات', '1', 8.5, '0.000', '2017-08-30 09:32:59', '2017-08-30 09:32:59'),
(117, 'primaire', 5, 'E25', 12, 'المفيد في التربية التشكيلية', '1', 8.5, '0.000', '2017-08-30 09:32:59', '2017-08-30 09:32:59'),
(118, 'primaire', 5, 'E26', 8, 'فضاء نشاط العلمي', '1', 8.5, '0.000', '2017-08-30 09:32:59', '2017-08-30 09:32:59'),
(119, 'primaire', 6, 'F1', 22, 'Manuel de l\'éducation Islamique (المفيد في التربية الاسلامية)', '1', 8.5, '0.000', '2017-08-30 09:32:59', '2017-08-30 09:32:59'),
(120, 'primaire', 6, 'F2', 22, 'Manuel de l\'éducation Islamique (المنيرفي  التربية الاسلامية)', '1', 8.5, '0.000', '2017-08-30 09:32:59', '2017-08-30 09:32:59'),
(121, 'primaire', 6, 'F3', 22, 'Manuel de l\'éducation Islamique (في رحاب التربية الاسلامية)', '1', 8.5, '0.000', '2017-08-30 09:32:59', '2017-08-30 09:32:59'),
(122, 'primaire', 6, 'F4', 1, 'المنار في اللغة العربية Manuel langue Arabe', '1', 8.5, '0.000', '2017-08-30 09:32:59', '2017-08-30 09:32:59'),
(123, 'primaire', 6, 'F5', 1, 'في رحاب اللغة العربية Manuel langue Arabe', '1', 8.5, '0.000', '2017-08-30 09:32:59', '2017-08-30 09:32:59'),
(124, 'primaire', 6, 'F6', 1, 'منار اللغة العربية Manuel langue Arabe', '1', 8.5, '0.000', '2017-08-30 09:32:59', '2017-08-30 09:32:59'),
(125, 'primaire', 6, 'F7', 1, 'كتابي في اللغة العربية Manuel langue Arabe', '1', 8.5, '0.000', '2017-08-30 09:32:59', '2017-08-30 09:32:59'),
(126, 'primaire', 6, 'F8', 86, 'الجديد في الاجتماعيات Manuel histoire geographie', '1', 8.5, '0.000', '2017-08-30 09:32:59', '2017-08-30 09:32:59'),
(127, 'primaire', 6, 'F9', 86, 'النجاح في الاجتماعيات Manuel histoire geographie', '1', 8.5, '0.000', '2017-08-30 09:32:59', '2017-08-30 09:32:59'),
(128, 'primaire', 6, 'F10', 86, ' المسار الاجتماعيات Manuel histoire geographie', '1', 8.5, '0.000', '2017-08-30 09:32:59', '2017-08-30 09:32:59'),
(129, 'primaire', 6, 'F14', 6, 'الجديد في الرياصيات Manuel de mathematique', '1', 8.5, '0.000', '2017-08-30 09:32:59', '2017-08-30 09:32:59'),
(130, 'primaire', 6, 'F15', 8, 'الجديد في النشاط العلمي Manuel d\'Activité scientifique', '1', 8.5, '0.000', '2017-08-30 09:32:59', '2017-08-30 09:32:59'),
(131, 'primaire', 6, 'F16', 8, 'التجديد في النشاط العلمي Manuel d\'Activité scientifique', '1', 8.5, '0.000', '2017-08-30 09:32:59', '2017-08-30 09:32:59'),
(132, 'primaire', 6, 'F17', 8, 'المفيد في النشاط العلمي Manuel d\'Activité scientifique', '1', 8.5, '0.000', '2017-08-30 09:32:59', '2017-08-30 09:32:59'),
(133, 'primaire', 6, 'F18', 8, 'فضاء النشاط العلمي Manuel d\'Activité scientifique', '1', 8.5, '0.000', '2017-08-30 09:32:59', '2017-08-30 09:32:59'),
(134, 'primaire', 6, 'F19', 12, 'المنير في التربية التشكيلية Manuel d\'Education fine', '1', 8.5, '0.000', '2017-08-30 09:32:59', '2017-08-30 09:32:59'),
(135, 'primaire', 6, 'F20', 12, 'المعتمد في التربية التشكيلية Manuel d\'Education fine', '1', 8.5, '0.000', '2017-08-30 09:32:59', '2017-08-30 09:32:59'),
(136, 'primaire', 6, 'F21', 12, 'الممتاز في التربية التشكيلية Manuel d\'Education fine', '1', 8.5, '0.000', '2017-08-30 09:33:00', '2017-08-30 09:33:00'),
(137, 'primaire', 6, 'F22', 12, 'الاساسي في التربية التشكيلية Manuel d\'Education fine', '1', 8.5, '0.000', '2017-08-30 09:33:00', '2017-08-30 09:33:00'),
(138, 'primaire', 6, 'F23', 14, 'Manuel langue Amazigh tifawin a tamazirt(اللغة الامازيغية)', '1', 8.5, '0.000', '2017-08-30 09:33:00', '2017-08-30 09:33:00'),
(139, 'primaire', 6, 'F24', 6, 'الجيد في الرياضيات ', '1', 8.5, '0.000', '2017-08-30 09:33:00', '2017-08-30 09:33:00'),
(140, 'primaire', 6, 'F25', 6, 'المفيد في الرياضيات', '1', 8.5, '0.000', '2017-08-30 09:33:00', '2017-08-30 09:33:00'),
(141, 'primaire', 6, 'F26', 14, 'تفاوين', '1', 8.5, '0.000', '2017-08-30 09:33:00', '2017-08-30 09:33:00'),
(142, 'primaire', 6, 'F27', 22, 'الأساس في التربية الإسلامية', '1', 8.5, '0.000', '2017-08-30 09:33:00', '2017-08-30 09:33:00'),
(143, 'primaire', 6, 'F28', 14, 'طريق الامازيغية', '1', 8.5, '0.000', '2017-08-30 09:33:00', '2017-08-30 09:33:00'),
(144, 'primaire', 6, 'F29', 1, 'مرشدي في اللغة العربية', '1', 8.5, '0.000', '2017-08-30 09:33:00', '2017-08-30 09:33:00'),
(145, 'primaire', 6, 'F30', 12, 'المختار في التربية التشكيلية Manuel d\'Education fine', '1', 8.5, '0.000', '2017-08-30 09:33:00', '2017-08-30 09:33:00'),
(146, 'primaire', 6, 'F31', 22, 'الممتاز في التربية الإسلامية', '1', 8.5, '0.000', '2017-08-30 09:33:00', '2017-08-30 09:33:00'),
(147, 'primaire', 6, 'F32', 22, 'المنار في التربية الإسلامية', '1', 8.5, '0.000', '2017-08-30 09:33:00', '2017-08-30 09:33:00'),
(148, 'primaire', 6, 'F33', 86, 'الممتاز في الإجتماعيات', '1', 8.5, '0.000', '2017-08-30 09:33:00', '2017-08-30 09:33:00'),
(149, 'primaire', 6, 'F34', 1, 'المنير في اللغة العربية Manuel langue Arabe', '1', 8.5, '0.000', '2017-08-30 09:33:00', '2017-08-30 09:33:00'),
(150, 'primaire', 0, 'CA1', 174, 'محفظة', '1', 8.5, '20.000', '2017-08-30 09:33:00', '2017-08-30 09:33:00'),
(151, 'primaire', 0, 'FO1', 175, 'دفتر 48', '1', 8.5, '7.000', '2017-08-30 09:33:00', '2017-08-30 09:33:00'),
(152, 'primaire', 0, 'FO2', 176, 'دفتر00 1', '1', 8.5, '7.000', '2017-08-30 09:33:00', '2017-08-30 09:33:00'),
(153, 'primaire', 0, 'FO3', 177, 'أقلام جافة', '1', 8.5, '7.000', '2017-08-30 09:33:00', '2017-08-30 09:33:00'),
(154, 'primaire', 0, 'FO4', 178, 'الأغلفة', '1', 8.5, '7.000', '2017-08-30 09:33:00', '2017-08-30 09:33:00'),
(155, 'primaire', 1, 'A1', 1, 'Manuel langue Arabe ( المفيد اللغة العربية )', '1', 8.5, '0.000', '2017-08-30 09:34:25', '2017-08-30 09:34:25');

-- --------------------------------------------------------

--
-- Table structure for table `utilisateurs`
--

CREATE TABLE `utilisateurs` (
  `id` int(10) UNSIGNED NOT NULL,
  `nom` varchar(50) COLLATE utf8mb4_unicode_ci NOT NULL,
  `email` varchar(50) COLLATE utf8mb4_unicode_ci NOT NULL,
  `motdepasse` varchar(255) COLLATE utf8mb4_unicode_ci NOT NULL,
  `type` enum('admin','user') COLLATE utf8mb4_unicode_ci NOT NULL,
  `confirme` tinyint(1) NOT NULL,
  `created_at` timestamp NULL DEFAULT NULL,
  `updated_at` timestamp NULL DEFAULT NULL
) ENGINE=InnoDB DEFAULT CHARSET=utf8mb4 COLLATE=utf8mb4_unicode_ci;

--
-- Dumping data for table `utilisateurs`
--

INSERT INTO `utilisateurs` (`id`, `nom`, `email`, `motdepasse`, `type`, `confirme`, `created_at`, `updated_at`) VALUES
(1, 'Administrateur', 'redouani2002@gmail.com', 'd14cfc2000b8b7c653e89d3d66e14e3a', 'admin', 1, '0000-00-00 00:00:00', '2017-09-30 09:20:32'),
(2, 'Hassan ait', 'red1i1996@gmail.com', '4e0fe3e34f627e7556841dbc45139eb5', 'user', 1, '2017-09-05 23:00:00', '2017-09-30 09:24:13');

--
-- Indexes for dumped tables
--

--
-- Indexes for table `annexes`
--
ALTER TABLE `annexes`
  ADD PRIMARY KEY (`id`),
  ADD KEY `idCercle` (`idCercle`);

--
-- Indexes for table `cercles`
--
ALTER TABLE `cercles`
  ADD PRIMARY KEY (`id`),
  ADD UNIQUE KEY `nom` (`nom`);

--
-- Indexes for table `commandes`
--
ALTER TABLE `commandes`
  ADD PRIMARY KEY (`id`),
  ADD KEY `fk_Commande_idEtablissement` (`idEtablissement`),
  ADD KEY `fk_Commande_idUtilisateur` (`idUtilisateur`);

--
-- Indexes for table `communes`
--
ALTER TABLE `communes`
  ADD PRIMARY KEY (`id`),
  ADD UNIQUE KEY `nom` (`nom`),
  ADD KEY `fk_Commune_idCercle` (`idCercle`);

--
-- Indexes for table `etablissements`
--
ALTER TABLE `etablissements`
  ADD PRIMARY KEY (`id`),
  ADD UNIQUE KEY `nom` (`nom`),
  ADD KEY `fk_Etablissement_idCommune` (`idCommune`),
  ADD KEY `fk_Etablissement_idAnnexe` (`idAnnexe`);

--
-- Indexes for table `lignes_commandes`
--
ALTER TABLE `lignes_commandes`
  ADD PRIMARY KEY (`id`),
  ADD KEY `fk_lignesCommande_idCommande` (`idCommande`),
  ADD KEY `fk_lignesCommande_idOuvrage` (`idOuvrage`);

--
-- Indexes for table `matieres`
--
ALTER TABLE `matieres`
  ADD PRIMARY KEY (`id`),
  ADD UNIQUE KEY `nom` (`nom`);

--
-- Indexes for table `migrations`
--
ALTER TABLE `migrations`
  ADD PRIMARY KEY (`id`);

--
-- Indexes for table `ouvrages`
--
ALTER TABLE `ouvrages`
  ADD PRIMARY KEY (`id`),
  ADD KEY `fk_Ouvrage_idMatier` (`idMatiere`);

--
-- Indexes for table `utilisateurs`
--
ALTER TABLE `utilisateurs`
  ADD PRIMARY KEY (`id`);

--
-- AUTO_INCREMENT for dumped tables
--

--
-- AUTO_INCREMENT for table `annexes`
--
ALTER TABLE `annexes`
  MODIFY `id` int(11) UNSIGNED NOT NULL AUTO_INCREMENT, AUTO_INCREMENT=30;
--
-- AUTO_INCREMENT for table `cercles`
--
ALTER TABLE `cercles`
  MODIFY `id` int(10) UNSIGNED NOT NULL AUTO_INCREMENT, AUTO_INCREMENT=20;
--
-- AUTO_INCREMENT for table `commandes`
--
ALTER TABLE `commandes`
  MODIFY `id` int(10) UNSIGNED NOT NULL AUTO_INCREMENT, AUTO_INCREMENT=49;
--
-- AUTO_INCREMENT for table `communes`
--
ALTER TABLE `communes`
  MODIFY `id` int(10) UNSIGNED NOT NULL AUTO_INCREMENT, AUTO_INCREMENT=110;
--
-- AUTO_INCREMENT for table `etablissements`
--
ALTER TABLE `etablissements`
  MODIFY `id` int(10) UNSIGNED NOT NULL AUTO_INCREMENT, AUTO_INCREMENT=314;
--
-- AUTO_INCREMENT for table `lignes_commandes`
--
ALTER TABLE `lignes_commandes`
  MODIFY `id` int(10) UNSIGNED NOT NULL AUTO_INCREMENT, AUTO_INCREMENT=716;
--
-- AUTO_INCREMENT for table `matieres`
--
ALTER TABLE `matieres`
  MODIFY `id` int(10) UNSIGNED NOT NULL AUTO_INCREMENT, AUTO_INCREMENT=180;
--
-- AUTO_INCREMENT for table `migrations`
--
ALTER TABLE `migrations`
  MODIFY `id` int(10) UNSIGNED NOT NULL AUTO_INCREMENT, AUTO_INCREMENT=11;
--
-- AUTO_INCREMENT for table `ouvrages`
--
ALTER TABLE `ouvrages`
  MODIFY `id` int(10) UNSIGNED NOT NULL AUTO_INCREMENT, AUTO_INCREMENT=156;
--
-- AUTO_INCREMENT for table `utilisateurs`
--
ALTER TABLE `utilisateurs`
  MODIFY `id` int(10) UNSIGNED NOT NULL AUTO_INCREMENT, AUTO_INCREMENT=3;
--
-- Constraints for dumped tables
--

--
-- Constraints for table `annexes`
--
ALTER TABLE `annexes`
  ADD CONSTRAINT `fk_idCercle` FOREIGN KEY (`idCercle`) REFERENCES `cercles` (`id`);

--
-- Constraints for table `commandes`
--
ALTER TABLE `commandes`
  ADD CONSTRAINT `fk_Commande_idEtablissement` FOREIGN KEY (`idEtablissement`) REFERENCES `etablissements` (`id`),
  ADD CONSTRAINT `fk_Commande_idUtilisateur` FOREIGN KEY (`idUtilisateur`) REFERENCES `utilisateurs` (`id`) ON DELETE SET NULL ON UPDATE NO ACTION;

--
-- Constraints for table `communes`
--
ALTER TABLE `communes`
  ADD CONSTRAINT `fk_Commune_idCercle` FOREIGN KEY (`idCercle`) REFERENCES `cercles` (`id`);

--
-- Constraints for table `etablissements`
--
ALTER TABLE `etablissements`
  ADD CONSTRAINT `fk_Etablissement_idAnnexe` FOREIGN KEY (`idAnnexe`) REFERENCES `annexes` (`id`),
  ADD CONSTRAINT `fk_Etablissement_idCommune` FOREIGN KEY (`idCommune`) REFERENCES `communes` (`id`);

--
-- Constraints for table `lignes_commandes`
--
ALTER TABLE `lignes_commandes`
  ADD CONSTRAINT `fk_lignesCommande_idCommande` FOREIGN KEY (`idCommande`) REFERENCES `commandes` (`id`),
  ADD CONSTRAINT `fk_lignesCommande_idOuvrage` FOREIGN KEY (`idOuvrage`) REFERENCES `ouvrages` (`id`);

--
-- Constraints for table `ouvrages`
--
ALTER TABLE `ouvrages`
  ADD CONSTRAINT `fk_Ouvrage_idMatier` FOREIGN KEY (`idMatiere`) REFERENCES `matieres` (`id`);
COMMIT;

/*!40101 SET CHARACTER_SET_CLIENT=@OLD_CHARACTER_SET_CLIENT */;
/*!40101 SET CHARACTER_SET_RESULTS=@OLD_CHARACTER_SET_RESULTS */;
/*!40101 SET COLLATION_CONNECTION=@OLD_COLLATION_CONNECTION */;
